"CLDL","FNET","LWCF","PRECT","QRL","SWCF","mean"
0.862453630338877,0.975699122225281,0.898300679690763,0.72361713180788,0.812565498438331,0.840785203332784,0.852236877638986
0.897725192980662,0.977484337645905,0.87179810121142,0.578600879855011,0.781885105196417,0.862320175376591,0.828302298711001
0.874986946625252,0.978352534539386,0.863122710217139,0.562598783743371,0.760097086280566,0.853982338467461,0.815523399978863
0.894535067615929,0.967711362769722,0.868219630335564,0.698354917347023,0.809121921462355,0.75595926294384,0.832317027079072
0.915950726818692,0.963312541217408,0.820150009126799,0.628768733915415,0.790153679873359,0.674867665238481,0.798867226031692
0.919821185766788,0.964623046579452,0.86747070297384,0.752700644801119,0.820590438088168,0.753625797827556,0.846471969339487
0.821393111294228,0.971338937873702,0.848189621098591,0.547197519679442,0.664715870862079,0.852389895691663,0.784204159416617
0.921346099954273,0.976320257783248,0.863811393812665,0.586112898704573,0.792959274113648,0.810666310066064,0.825202705739078
0.89649675914265,0.979570223104837,0.846149212695978,0.538509859184245,0.751023142417131,0.8549506423522,0.811116639816173
0.924549048829666,0.97996421953656,0.904836714277015,0.725564894954696,0.830723414488463,0.858815648159803,0.870742323374367
0.668163479119275,0.929831497963937,0.865296288116704,0.576130688252157,0.634894191909888,0.696898597020661,0.728535790397103
0.852901820846935,0.969687118236767,0.883377839506056,0.729075238016226,0.749064983458792,0.846839665789999,0.838491110975796
0.767153951984609,0.951539743068685,0.849578158906249,0.556937004562107,0.593186347157652,0.813113473335405,0.755251446502451
0.757306484866658,0.960548016394919,0.902923868449256,0.720672766327256,0.754893975051139,0.784225315542189,0.813428404438569
0.903851327823228,0.98008271728205,0.829291618393432,0.793044651811271,0.7823600066949,0.867371866127747,0.859333698022105
0.898118793986652,0.970963723601659,0.845530737539134,0.588935288240675,0.745518887121228,0.876846303469794,0.820985622326524
0.903604665061059,0.967689641269995,0.911904173156735,0.76257830200375,0.830709636808863,0.801906056110493,0.863065412401816
0.698003912781382,0.90941017739144,0.843612884153594,0.505235353988666,0.564787435503153,0.621860895672763,0.690485109915166
0.646718234523357,0.928771029104633,0.904651367328206,0.807785332574359,0.681542833323419,0.67268418885885,0.77369216428547
0.907755200649689,0.956247850767485,0.900034821944771,0.878996627312335,0.830362743520608,0.6864000384494,0.859966213774048
0.9229180983833,0.973379723067506,0.857568468909948,0.57222445731755,0.797289289925064,0.81259536957569,0.822662567863176
0.903607688646555,0.979581022320975,0.866685171562174,0.689631006095079,0.810099131919023,0.838554140329472,0.848026360145546
0.936013357262962,0.986005500509536,0.910758182826913,0.848505861874314,0.863414482394692,0.889012972892251,0.905618392960111
0.607977586586583,0.900562559920964,0.86899329472486,0.729060764452938,0.548710657954824,0.571656036920032,0.7044934834267
0.807579914633382,0.938481864489943,0.883582161538612,0.614283875686228,0.770730987249795,0.674433615706402,0.781515403217394
0.53678244264438,0.821632657658318,0.826619143372268,0.423114508338693,0.545973329255309,0.188827559765875,0.557158273505807
0.910827006396492,0.96885414408605,0.842492680010552,0.859220173665221,0.835356838402065,0.726245099847982,0.857165990401394
0.861761761789325,0.980461952173889,0.89683189435012,0.668980769838458,0.75895704394586,0.875043186753336,0.840339434808498
0.892903125666351,0.961522030176359,0.77193581780579,0.566388701727017,0.76537348381787,0.66784431634585,0.77099457925654
0.81509900854244,0.964374074637338,0.909652501015316,0.886695824338127,0.734755476184514,0.856853563293043,0.861238408001796
0.914087468247698,0.972105288053056,0.910551589067527,0.77760670682604,0.837465368335034,0.847460147369996,0.876546094649892
0.910423754414479,0.969821642897009,0.837793605989263,0.552458641630849,0.773335976044675,0.795659968196258,0.806582264862089
0.643806880888701,0.854851095253285,0.884413048991152,0.605192901228495,0.659022619789299,0.366646017017075,0.668988760528001
0.914776155203363,0.986017757665885,0.907821028907321,0.8480841656758,0.848077714724875,0.89162741234245,0.899400705753282
0.842793666707803,0.96667177205067,0.902478782482489,0.820871528375058,0.757788262225767,0.850875648547955,0.856913276731624
0.599954539547217,0.944076742849559,0.8838793238404,0.865999548028577,0.559539218854297,0.790297635724692,0.773957834807457
0.822096030437583,0.978693696525265,0.829887442358415,0.668384096114132,0.671082561479116,0.854408735905491,0.804092093803334
0.904805649012903,0.954651979705353,0.874062124711483,0.630562152000708,0.784868906792981,0.71643685493253,0.810897944525993
0.914026868544731,0.97602655235927,0.781268084878626,0.53376187184686,0.765090916339574,0.821441088293933,0.798602563710499
0.689180665017364,0.956726269284107,0.884933731808699,0.702041537842555,0.644210871747604,0.791310551589313,0.77806727121494
0.860216529833033,0.955219761821174,0.747732711392195,0.603039933053343,0.753652631046852,0.616492496068073,0.756059010535778
0.908659808743344,0.982974774845895,0.879454331545863,0.846673528788783,0.804482448390252,0.889395993972144,0.885273481047714
0.901348514259617,0.973492044721358,0.856619608495014,0.53272278577908,0.770109195756567,0.855794941742269,0.815014515125651
0.908628662043994,0.983763615470934,0.897472180929346,0.783159947566463,0.834240566794354,0.873660561899514,0.880154255784101
0.901943633038655,0.947441616966813,0.765360421976896,0.73359352717847,0.779569276375968,0.570106227476792,0.783002450502266
0.538583033998358,0.947304674171353,0.88660130045523,0.71224404325451,0.574605656429979,0.71093427322813,0.72837883025626
0.912832532289834,0.970552252133892,0.805512716621678,0.572384473253849,0.747713793439911,0.78344046768009,0.798739372569875
0.801553389833505,0.970925791382571,0.870082236828704,0.613313646343803,0.670403156801519,0.850389596755245,0.796111302990891
0.89160949003481,0.972198164041935,0.807891500507117,0.703607122180909,0.719583294432418,0.86385405546554,0.826457271110455
0.430294484505177,0.778000734917011,0.846121750415809,0.497434439437536,0.498696330023068,0.00515007277695634,0.50928296867926
0.907388687562877,0.977178921635262,0.816905488464494,0.480230140305025,0.734490044606218,0.84441578531939,0.793434844648878
0.926302198493157,0.980835456998811,0.907916082759255,0.786748303249807,0.841086130350177,0.869829152059557,0.885452887318461
0.89071778709661,0.95081670425582,0.862878987346576,0.55730675032999,0.773853974958285,0.687116883947566,0.787115181322474
0.916104783771024,0.978090064591383,0.794404485887482,0.473887542355365,0.713723306869083,0.840964361197437,0.786195757445296
0.825909263069917,0.968059051269071,0.899821528066368,0.698463248988968,0.762605677879866,0.839262846801986,0.832353602679363
0.652350013637532,0.954256010134701,0.898644347769832,0.663931383878732,0.631975928670874,0.79758086174304,0.766456424305785
0.922412078463763,0.974866933830977,0.930481415859546,0.93050595240403,0.872515466029299,0.833588691072036,0.910728422943275
0.913401364763014,0.967454547687488,0.848233774817063,0.631839763923856,0.798787532011612,0.729228398888281,0.814824230348552
0.470895619610466,0.853228839222031,0.85054065768653,0.680751281729351,0.64887954029739,0.167976034654967,0.612045328866789
0.886709573682701,0.959608125182782,0.827208696371514,0.521726035510106,0.758247952273028,0.71911063630203,0.77876850322036
0.690526123262301,0.963087434763821,0.876287782122484,0.647543009257723,0.717081921072974,0.769265152210721,0.777298570448337
0.895201303307252,0.960580170048058,0.83096806651489,0.520023052155965,0.747696742511302,0.757959578704553,0.78540481887367
0.905768989467747,0.971590551576414,0.897100489878773,0.754777119973492,0.780589074587305,0.821107711851425,0.855155656222526
0.517876057942091,0.922701418927396,0.863337399445794,0.536145575741614,0.553622264366925,0.656062058005685,0.674957462404917
0.911365709402019,0.975451344392138,0.892359635336742,0.690562699992136,0.825570071993535,0.852398082163183,0.857951257213292
0.891071600310105,0.979463077023569,0.829280413870603,0.866870224654859,0.778114297037923,0.835716577264368,0.863419365026905
0.652162201802398,0.866938346440202,0.850184696334628,0.543406933925907,0.555595906829194,0.492829605215775,0.660186281758017
0.875044702185145,0.964894978927118,0.767992785700249,0.617512521558868,0.667689027318024,0.830127544155272,0.787210259974113
0.946252508775844,0.987820787109062,0.931569098541873,0.924753028335575,0.8849054570576,0.918042263211496,0.932223857171908
0.865267862717522,0.961871560340426,0.94012513867462,0.934281032221052,0.855861058344811,0.806267834253443,0.893945747758646
0.89602238933458,0.970148557074448,0.836372699103184,0.462988172212916,0.766113023282462,0.822999632270597,0.792440745546365
0.876601252530236,0.971636952474644,0.889278253234089,0.699076383456008,0.78952444455297,0.850526723568338,0.846107334969381
0.657672407316777,0.92820529202861,0.819548774147821,0.477207002903384,0.51199410141937,0.73094697213016,0.687595758324353
0.888932557930227,0.941963028595121,0.812742004433417,0.813100890404008,0.800948998128192,0.586347664482901,0.807339190662311
0.90755272474695,0.981820467354839,0.903756896638632,0.791261822830989,0.830365164228231,0.870510943058832,0.880878003143079
0.926816817415328,0.976873627830391,0.86919348984531,0.532597652379829,0.794436767661134,0.839871207862366,0.82329826049906
0.876440733263961,0.946093123398887,0.795696027752005,0.574695471033929,0.754895591596489,0.637508261552972,0.764221534766374
0.872976734343069,0.974825695693442,0.814349902595431,0.641080622991729,0.718126001897281,0.857992649084701,0.813225267767609
0.799219061146786,0.92752899245303,0.897587197112611,0.878183523418985,0.735944845328462,0.718222502442252,0.826114353650354
0.891865417960442,0.93596452977288,0.852195994176495,0.850409710867406,0.824352227517923,0.580935750480529,0.822620605129279
0.34531923168305,0.826796110301573,0.823092371984914,0.451644308179402,0.394983225780169,0.208595637214015,0.508405147523854
0.890985085893931,0.983220666568588,0.879437990709391,0.821470069253001,0.793609889110736,0.870327835525744,0.873175256176899
0.846751443415698,0.95642315299372,0.83163972438081,0.474492293886353,0.692330281745124,0.799982046881996,0.766936490550617
0.817196572359149,0.946476809472061,0.875793470573565,0.662387860376144,0.714307164575908,0.742065384948512,0.79303787705089
0.897122671727905,0.980142404986022,0.869701319060975,0.622718998641628,0.782353584805544,0.860740991315398,0.835463328422912
0.871519032313902,0.900646580343508,0.784738213627027,0.870700592580697,0.823242506799062,0.21938428287448,0.745038534756446
0.91246972191214,0.982272761660019,0.886558771274932,0.803522040473185,0.82160744548359,0.823173353848117,0.871600682441997
0.92699640425983,0.982894190524043,0.898485079069124,0.748018000520049,0.837978027713423,0.864828463132696,0.876533360869861
0.646102057118967,0.904338153358389,0.840371921778076,0.421902663157452,0.616654850397108,0.549284419968424,0.663109010963069
0.876778265103112,0.973186229072974,0.930118786095335,0.914239397396619,0.82403872809634,0.852763450806434,0.895187476095135
0.873391975810541,0.963182470358928,0.758588156506217,0.587583325554716,0.620014799629087,0.828775823816243,0.771922758612622
0.788694337658153,0.969801817237698,0.679397721417544,0.50345492418907,0.400843078570511,0.820827921875949,0.693836633491488
0.868367213290675,0.969734987858149,0.887022492540416,0.672093208607319,0.807302724117725,0.83842247576892,0.840490517030534
0.878316670955495,0.980060085264661,0.887908030160881,0.656120319478739,0.785660549112735,0.863796729154754,0.841977064021211
0.924725315335267,0.979190421503047,0.849749395100732,0.615238084536914,0.792773229456717,0.854086421042723,0.835960477829233
0.715063436089328,0.894061329482888,0.895100352552347,0.819046851952742,0.723316521744975,0.604224125316663,0.775135436189824
0.874849928826648,0.948751340043734,0.756937998270755,0.889869387914769,0.864381458185641,0.477213143725801,0.802000542827891
0.902348762058814,0.968489123261052,0.898966643980805,0.699349290869468,0.780110515115085,0.818167482603119,0.844571969648057
0.909920089563812,0.974360123919966,0.737017557152497,0.550252912932909,0.706505580767536,0.756712389759421,0.772461442349357
0.832886153131735,0.970634250813332,0.893342300337827,0.736060907564552,0.817207767950551,0.78705692465098,0.839531384074829
0.902176125497799,0.9444713163483,0.784111464961162,0.513805517948839,0.7558627228128,0.632442655862857,0.75547830057196
0.506605201234538,0.92826640223363,0.854354570260022,0.526836321297839,0.509127882947585,0.722527130206277,0.674619584696648
0.89735075722722,0.959041103892401,0.827038855291124,0.557190602550694,0.769065402428406,0.820572995345816,0.80504328612261
0.797615549791571,0.967433504101228,0.915175648957395,0.781963255546316,0.776835590639429,0.850842508738324,0.848311009629044
0.8368648799378,0.960680256039696,0.842744352656366,0.511031097663015,0.672607181399302,0.815447783042383,0.773229258456427
0.860183162178659,0.938802094225678,0.841003433266532,0.659301881654041,0.772322541215297,0.531530307425097,0.767190569994217
0.755373126324595,0.970529121442057,0.846418010242568,0.78023750495463,0.617713876142184,0.854305789052357,0.804096238026399
0.682666317311849,0.943083467492891,0.811704510856992,0.458569071822716,0.512030639179873,0.736005176087072,0.690676530458565
0.608986291253164,0.951188337303686,0.81854017967452,0.509756454213241,0.462342273828617,0.81409054626756,0.694150680423465
0.540195691348482,0.807721278651785,0.830124475221268,0.491147956246107,0.487690788082323,0.232079235063933,0.564826570768983
0.910703522474128,0.974565385644363,0.891260709118996,0.763317927646664,0.827782276305112,0.844838770873251,0.868744765343752
0.870523236568715,0.950771683190676,0.891013729715475,0.701742332724008,0.789577661143351,0.736748608269374,0.823396208601933
0.899715560006117,0.975810561739992,0.877566693918397,0.592974392944644,0.794957613497569,0.85080581247391,0.831971772430105
0.628036979717911,0.961644739103897,0.86843450634879,0.565822023362352,0.583394320448061,0.806510822718903,0.735640565283319
0.732654682016256,0.944018794289084,0.916160655056531,0.895618308295833,0.740518889531537,0.767562760703909,0.832755681648858
0.0673366822408782,0.767799069721501,0.829800802064573,0.499601659654303,0.385494073310606,-0.10811544495386,0.406986140339667
0.950853745003813,0.987778571805772,0.932104387606279,0.940251614479434,0.88154701829562,0.89600055780773,0.931422649166442
0.889442077812727,0.947733508157994,0.879435457256539,0.894797080579494,0.884385778116384,0.607775421422477,0.850594887224269
0.0649719262862666,0.767747506094174,0.838289798266665,0.599865445760722,0.454039732093354,-0.152465708141571,0.428741450059935
0.507091377814044,0.948565443696473,0.91844274388384,0.883308570750152,0.627823504882363,0.725115378975521,0.768391170000399
0.897697231774621,0.973069726350292,0.6960230779152,0.536046724698529,0.725444052726893,0.697555404031214,0.754306036249458
0.940324129846637,0.973804402958654,0.891943101354098,0.905865074349977,0.877110795262642,0.824442827516542,0.902248388548092
0.706257132146024,0.912586131263527,0.889630740709828,0.699024633105929,0.637984935341579,0.649326984499066,0.749135092844325
0.892160476504825,0.975911747140755,0.897395511367849,0.784999030439663,0.829742945422175,0.830028289354623,0.868373000038315
0.941938877618321,0.968854729797754,0.938898865194259,0.945662188880843,0.879715255717988,0.80086872772342,0.912656440822097
0.865267923186784,0.971121670261053,0.790945435510361,0.885012301971908,0.649350913376262,0.826323161864862,0.831336901028538
0.880358213186435,0.964264555047744,0.893939760029725,0.74016132753796,0.722043770221843,0.756612689564352,0.82623005259801
0.900165339976872,0.963383115803214,0.857144545774693,0.538610877226267,0.771877519307522,0.807025802824128,0.806367866818783
0.918113950603259,0.975906027037684,0.817217398124013,0.836288864197168,0.777829596527239,0.876578613121709,0.866989074935179
0.886457155646249,0.974423865256857,0.894543140977287,0.826849242943179,0.751208126486329,0.79836742839138,0.855308159950214
0.876945560294928,0.97002638209384,0.780271687174744,0.811544159917461,0.802037157747228,0.738400940803966,0.829870981338694
0.917132198058179,0.978796215592126,0.775731030234733,0.48121594604823,0.724864388437976,0.819693344435013,0.782905520467709
0.272614402422669,0.740460717674673,0.878517085793389,0.713770220401408,0.475879244318425,-0.144107579637536,0.489522348495505
0.860252096902223,0.94539817700295,0.765474895798752,0.546094529248861,0.74539017548422,0.503198604200185,0.727634746439532
0.376128192526369,0.897645754283346,0.789625232723385,0.383905973527964,0.234600335536913,0.664307391526871,0.557702146687475
0.931684918542089,0.979139256372387,0.793191270641775,0.911955761119425,0.868927506562843,0.788262139945715,0.878860142197372
0.930011215408836,0.953318244606817,0.820518934962976,0.863960509628368,0.848312392177094,0.612981999305793,0.838183882681647
0.870832542919637,0.911466538512263,0.765700650411233,0.600374628349105,0.754677749954528,0.369378220945595,0.712071721848727
0.829451312139726,0.963047699159875,0.831772601969916,0.423306091313656,0.653189292723985,0.812282711405271,0.752174951452071
0.899613782224409,0.968614527227802,0.819748977792763,0.587061319257841,0.771632196460371,0.754330321206358,0.800166854028257
0.201212614755667,0.831360493300953,0.802619551516624,0.437384624871594,0.100169136379392,0.310000172418751,0.447124432207163
0.904085373257809,0.962014765459382,0.737736245406627,0.913917926626607,0.835618335680503,0.774626132702424,0.854666463188892
0.896597894201484,0.975416391043797,0.893484529872436,0.697578832827034,0.787845385927722,0.850106971124078,0.850171667499425
0.828891433720583,0.957074088623507,0.784142976527052,0.461675320384244,0.626477831418736,0.852083124750567,0.751724129237448
0.875770998932159,0.952950127283978,0.701841661893889,0.411815214526488,0.737585068882846,0.579414582520566,0.709896275673321
0.763121575698481,0.886403409378442,0.880330528373347,0.681839850476587,0.790458730264956,0.384613876300056,0.731127995081978
0.919082900367435,0.97446567256197,0.898742123589203,0.687687214640353,0.809081513750687,0.844488678959888,0.855591350644923
0.654044385275665,0.852023713007691,0.854953256760092,0.497074775133727,0.683901062598149,0.222993495440477,0.627498448035967
0.411881804770545,0.929940577296159,0.88216773811627,0.775343249548548,0.474365386526681,0.73120168882106,0.700816740846544
0.86517165852448,0.975609682580666,0.902498774106006,0.927269328741911,0.713345120679598,0.879434491373098,0.877221509334293
0.905007541257747,0.946945331796955,0.902024317998471,0.915264591331098,0.838809274684165,0.648622487200084,0.85944559071142
0.969799625288415,0.986835495359167,0.946793224121343,0.948309028388754,0.917041337999516,0.951331302002922,0.953351668860019
0.898742918949251,0.975658809163309,0.783355373505363,0.483698565310769,0.721349106820855,0.825337183313569,0.781356992843853
0.594098741324041,0.95247192983844,0.855327669907968,0.649528064519093,0.497437833859279,0.796760746608381,0.724270831009533
0.882301705465703,0.9609538836994,0.804860944973623,0.517378145751798,0.762632430539932,0.725976330551652,0.775683906830351
0.353405504068787,0.927458575876104,0.775840298694075,0.477236747688671,0.192914575860253,0.718454642648798,0.574218390806115
0.747835944379381,0.946825437201419,0.856699053527879,0.497119028941996,0.707801413152436,0.772063668509589,0.754724090952117
0.668769274856417,0.87195239280702,0.914945153627178,0.887769951192519,0.760410422419084,0.352010064974288,0.742642876646084
0.901213958279772,0.951211119759078,0.77698440429972,0.886520537071245,0.829994830214513,0.782957216083425,0.854813677617959
0.492484868632207,0.859981931878611,0.820421739342066,0.427259027332511,0.502843198444508,0.427700477720732,0.588448540558439
0.629759801849115,0.939066525793288,0.924164540476512,0.89838881624349,0.629155675974584,0.74040651111564,0.793490311908772
0.856568797110237,0.928662595587951,0.797168206584163,0.722622947276914,0.749054918172696,0.533827961201558,0.764650904322253
0.772916645746133,0.974847545332719,0.826770175081927,0.645172451243718,0.571766486068161,0.855168282297008,0.774440264294945
0.902619950521059,0.967163083836765,0.880236232461147,0.631380107985554,0.781119440669581,0.770947137055564,0.822244325421612
0.903280541144042,0.970765328244919,0.799165801215417,0.586584561958128,0.780954730370871,0.696057852865908,0.789468135966547
0.877350864808238,0.940104500697027,0.900481434833064,0.911705822364029,0.828602333289958,0.537427971007922,0.83261215450004
0.894204502777482,0.962227211093579,0.785773712921837,0.915326177419658,0.727014235342545,0.860452745805452,0.857499764226759
0.867225432510747,0.976850737923553,0.810895567355082,0.888365306199075,0.73857727568835,0.814830880138601,0.849457533302568
0.149558246223274,0.819857711061862,0.841754171645552,0.643638860527383,0.183512465539063,0.296472185249024,0.48913227337436
0.932020928042813,0.94535120633974,0.892534384177208,0.825645366966458,0.850029037462821,0.67549970512815,0.853513438019532
0.71570467846673,0.891763818220202,0.817506381150735,0.481020056939867,0.622822297129785,0.432702213202388,0.660253240851618
0.280547085405115,0.65791189206106,0.779693478987176,0.294640051199671,0.416348921397675,-0.441227869885721,0.331318926527496
0.805174953689136,0.958194405569966,0.803791247909161,0.59519596129608,0.642352584564409,0.817782129988049,0.770415213836134
0.918290132787606,0.976134291618771,0.81627289793003,0.447649346532419,0.766793237004376,0.829335226805936,0.79241252211319
0.912339889823488,0.973644175754233,0.855734691197495,0.655907023988639,0.796604080932785,0.780924704194448,0.829192427648515
0.532489067414819,0.93291548055946,0.860794435874112,0.558055457862129,0.499425687284656,0.655716254843107,0.673232730639714
0.891275912762244,0.964770609077063,0.854487502199072,0.491695595053246,0.762310604383699,0.82074089881108,0.797546853714401
0.81934993212552,0.94768602211768,0.687694411095267,0.502023867340748,0.712255682499497,0.50440674706937,0.695569443708014
0.163240921200505,0.786383213141584,0.826484055261656,0.43492168275663,0.342545973137975,0.170351926671238,0.453987962028265
0.835376924557737,0.960916519893811,0.684637197037069,0.470977452401104,0.730751129031813,0.602575124187309,0.714205724518141
0.869613606637392,0.961396200921132,0.864684116712758,0.824363669767177,0.782387252721399,0.762607658359183,0.84417541751984
0.877594872006482,0.975604431482024,0.794379128549887,0.684898901392985,0.722282649314547,0.763149154425607,0.802984856195255
0.911049739920821,0.961149240232221,0.820215964060852,0.531336699852258,0.772628587134792,0.753267510464561,0.791607956944251
0.915982358545974,0.974228088044261,0.833261616983782,0.480675267147973,0.732888887953188,0.855902615403935,0.798823139013185
0.778925189333135,0.966020601924496,0.883438290566862,0.590692764768482,0.71914668871441,0.791138415500216,0.788226991801267
0.703450922781489,0.966607865009572,0.832635561368314,0.886546306383085,0.536980030470816,0.836789940944232,0.793835104492918
0.688864688016791,0.877170393836965,0.913282480324259,0.912206800998028,0.756852946758086,0.453927654528755,0.76705082741048
0.84181833124188,0.928851301474355,0.703808694904858,0.62711096936626,0.755695384005617,0.428792560127667,0.714346206853439
0.886653420502725,0.935138110468221,0.891965637224283,0.702763648195586,0.81497244053127,0.699863355378394,0.821892768716747
0.852475657248031,0.976097122458871,0.885415116086554,0.602076887972615,0.772657747898525,0.846039800086877,0.822460388625245
0.917189911691313,0.980643346780713,0.922082940643113,0.898099356976253,0.810936579628516,0.851133806696504,0.896680990402735
0.925527713511328,0.969078660652841,0.750067677533493,0.899718307985684,0.840379050368255,0.667991075019396,0.842127080845166
0.893333356399064,0.981291494659689,0.878263684815552,0.615238839555982,0.785786205144346,0.86890686434929,0.837136740820654
0.761611628380977,0.876177153437231,0.83106112880748,0.512044311361507,0.628673979405747,0.544264291137664,0.692305415421768
0.615258665310102,0.817753745813533,0.757960179880857,0.51707102745081,0.429962746950808,0.437623216516717,0.595938263653805
0.121705697560707,0.751390099015141,0.852237192638886,0.718598810299078,0.288640035098532,-0.0677879189896448,0.444130652603783
0.876578982774088,0.949847581340116,0.771785160844305,0.527804361314569,0.740913166005374,0.599742053928057,0.744445217701085
0.884651053997201,0.962251088634077,0.909582549484102,0.923406357939747,0.769155267459406,0.779223628217219,0.871378324288625
0.703479193826974,0.954529552380552,0.839305259889199,0.631952401844379,0.584227744995303,0.829240827111672,0.75712249667468
0.894027204005898,0.951731668576515,0.830095590504421,0.485719714035994,0.757317340287354,0.674234091338243,0.765520934791404
0.79837006371575,0.917930233436658,0.844795785166825,0.512646012373262,0.671865480771871,0.66439929325049,0.735001144785809
0.824644563821397,0.936047569512041,0.885566202556285,0.626259487697469,0.765932086643554,0.73691361052294,0.795893920125614
0.565176350099285,0.949344332706852,0.860992760988395,0.588862761983419,0.47953041362036,0.791732169264945,0.705939798110543
0.901937813787574,0.98007764188465,0.879729361308178,0.7277027729235,0.812644391866988,0.85520147380935,0.859548909263373
0.646986511492025,0.935423002782929,0.83212401515908,0.482978313426603,0.627986456885439,0.681109021918505,0.70110122027743
0.956716760098317,0.989717604778684,0.939746146296816,0.91718707484449,0.900178094265548,0.923440747346629,0.937831071271747
0.899717540885576,0.967820421451495,0.937097709410975,0.945799335309876,0.805107559624151,0.894633729096755,0.908362715963138
0.91844650549738,0.975393166989299,0.910141717859702,0.924791352320051,0.823660527835759,0.855309388165379,0.901290443111262
0.582259238488132,0.889877997226584,0.897671939756792,0.850929518608444,0.649392738675472,0.472144445975061,0.723712646455081
0.88837856081799,0.924577063798314,0.708574658927433,0.568302765968028,0.752417330501104,0.396554237086548,0.706467436183236
0.906356326972469,0.966093679818175,0.86605669891916,0.82245204131937,0.825011942378361,0.745930100503807,0.855316798318557
0.909114082141305,0.966979756847337,0.796478615194925,0.772429432104345,0.807970495733627,0.706467960124186,0.826573390357621
0.811973195505385,0.930026927756002,0.906899750268644,0.923036857642957,0.711001592831384,0.758496076289435,0.840239066715635
0.856404752594272,0.914319346301933,0.685367639901159,0.425819217521907,0.746198731546744,0.236374765939745,0.64408074230096
0.795125849462822,0.967199735253597,0.870804970348106,0.632810283916254,0.655084250402047,0.813918298716008,0.789157231349806
0.390211221849432,0.936151928716999,0.85150487566117,0.513804839030979,0.410653113082231,0.712168936809821,0.635749152525105
0.855817231013027,0.959298935772666,0.861424442556404,0.898110456984763,0.839384453882628,0.670938597753243,0.847495686327122
0.900329948730466,0.951338400048302,0.917334332932841,0.880615107770094,0.768707589325578,0.675418232415738,0.84895726853717
0.923401697207526,0.965810157826007,0.887140687814591,0.810959476449094,0.833322285338267,0.739245480036372,0.859979964111976
0.919839726696469,0.945098124117043,0.839053175403173,0.87694882759433,0.851547726021496,0.559113912226769,0.83193358200988
0.897940106225572,0.967087355794834,0.887911555168112,0.820688014090464,0.771193006947633,0.782717666950385,0.8545896175295
0.897032131384447,0.953892735367361,0.82576805384142,0.477212948580928,0.754531951140883,0.703911408907874,0.768724871537152
0.875362988354653,0.971106199514506,0.851682528149207,0.911333928309193,0.681127075411991,0.806031224792567,0.84944065742202
0.891805308223167,0.969346838787552,0.902676392265176,0.786653598352341,0.70706734854793,0.806757798240869,0.844051214069506
0.880163831930215,0.978125514728187,0.891512905416189,0.651784278786714,0.792083770185721,0.849883961888178,0.840592377155867
0.895189411958429,0.952496722956167,0.832539713460199,0.892099523635786,0.838335104309479,0.68412591347313,0.849131064965532
0.864242226381196,0.888863210225066,0.784460848160243,0.881324815165914,0.806034676673803,0.262715656197946,0.747940238800695
0.842162631055499,0.934327138037299,0.74319729228112,0.500309331103667,0.613696376231981,0.765646405507592,0.73322319570286
0.608110363352469,0.88371234126711,0.79665604027529,0.485193133152259,0.437450952489253,0.563310181032655,0.629072168594839
0.876067188526079,0.977663995339691,0.775986441856264,0.534138963397777,0.674956338399435,0.822199400060066,0.776835387929885
0.807596486296645,0.941856231044287,0.677431587005039,0.513390432264215,0.509360102879435,0.756176867646689,0.700968617856051
0.916842459089775,0.959422165569702,0.67251562684813,0.88423751325376,0.788332003405927,0.555276288154762,0.796104342720343
0.438993247103453,0.765040460695952,0.869075728829589,0.881848916725035,0.5371524717456,0.108644454946783,0.600125880007735
0.820712020028453,0.927773767171844,0.702014177169976,0.8645751836445,0.813687458521071,0.266191233427084,0.732492306660488
0.238352017822866,0.699068839496762,0.844856314202437,0.481351591834091,0.390122745675215,-0.414939427904681,0.373135346854448
0.896211049534724,0.971063011823452,0.903542730201797,0.800842156699134,0.748701373228812,0.816792956073332,0.856192212926875
0.870132297345129,0.954154082427418,0.791759930070521,0.460629827987595,0.723765049758761,0.690134489478288,0.748429279511285
0.909629875219957,0.972058497311473,0.785700111658263,0.564941361269349,0.718551014918717,0.852887729732331,0.800628098351682
0.779131732909714,0.963545420825589,0.745577944322687,0.587275130933984,0.539263880102937,0.828539662522154,0.740555628602844
0.867078740493128,0.969388493857068,0.936370632912246,0.929212521990149,0.795844319606839,0.856148262518953,0.892340495229731
0.790066026070665,0.961478869421681,0.819242116887933,0.920542897188012,0.588726346732033,0.789145363572908,0.811533603312205
0.552117620215479,0.950790032270036,0.840239401720934,0.459856625896836,0.482796615571264,0.746442951434408,0.672040541184826
0.861986333443862,0.950887823749155,0.725484659426751,0.881361897158194,0.775975939721585,0.489363548203346,0.780843366950482
0.595563112950573,0.95651058460664,0.886589391214008,0.80820722274442,0.690059921707567,0.797236305891565,0.789027756519129
0.911295072538813,0.964999086138122,0.839033226866258,0.486871967604489,0.768207066306033,0.818239462814502,0.798107647044703
0.884713870270149,0.968249624816129,0.838125125743821,0.471506134037147,0.753518067283433,0.806677753823925,0.787131762662434
0.818278829274639,0.974381982116192,0.796785601085459,0.486548392835009,0.59569553116469,0.831242135662222,0.750488745356368
0.896765797306294,0.96754704526529,0.66435545955846,0.518019855202929,0.620891400428507,0.695887153051734,0.727244451802202
0.558015183498069,0.879295123896096,0.768434797662221,0.450077789753212,0.383688717570724,0.612938696324917,0.60874171811754
0.742715979924198,0.849454975734242,0.856761888135607,0.553902478082985,0.731814013421142,0.258335035690219,0.665497395164732
0.661436573852061,0.942128577201616,0.811606403312782,0.408536847011858,0.584073917282746,0.771669764325646,0.696575347164452
0.759346036060863,0.908767163792504,0.836534087271972,0.451667968457194,0.620129418415324,0.692298500387991,0.711457195730975
0.92149567080748,0.978722721796556,0.879203027016009,0.613515636872832,0.796895555550205,0.840157827758413,0.838331739966916
0.822793256305577,0.973289665377796,0.760997796398814,0.461936553250907,0.556152334848798,0.844811199025026,0.736663467534486
0.969746460732649,0.981736480106063,0.947321385219305,0.933311006335592,0.911580071207688,0.921761507128057,0.944242818454892
-0.151847155715844,0.630439414471219,0.810937320060221,0.570177335311674,-0.0565024138568675,-0.427006198674388,0.229366383599336
0.746935694034739,0.857822138848433,0.93031192627463,0.923659114977841,0.69204809084043,0.440835042150042,0.765268667854353
0.886407132580562,0.962742963513178,0.83487294381844,0.520628888879965,0.726177158373449,0.781180789981452,0.785334979524507
0.853286131086254,0.922411929742919,0.723210270843866,0.850059999306999,0.812360274898616,0.30116913925278,0.743749624188572
0.90715016130086,0.94787177904809,0.911390647739499,0.900538369941504,0.825176856953372,0.709568817192935,0.866949438696043
0.920479569485978,0.952318237215961,0.923381097177023,0.889294926691675,0.833237606091808,0.740222082987436,0.876488919941647
0.781391588305795,0.965712144563364,0.875908108108879,0.611848032362233,0.732798256056698,0.806317497455411,0.795662604475397
0.843976341871998,0.929843429962931,0.872972275564414,0.592254440563173,0.728750323606479,0.750908245607158,0.786450842862692
0.897143864043142,0.974554823382683,0.914234521038069,0.87611713476398,0.839258451335308,0.870119369000091,0.895238027260545
0.903192921403954,0.968698641416187,0.713558169703113,0.912570684130732,0.638085365509439,0.832811004843285,0.828152797834452
0.887177845046704,0.945305597231266,0.904328026402834,0.86723532130685,0.799882444913512,0.632832353056324,0.839460264659582
0.879182169486543,0.960365876060557,0.842192704043298,0.510558874594371,0.765022889338267,0.720067896063658,0.779565068264449
0.477864269455322,0.93895478607824,0.848495609492751,0.659334828752245,0.658217788622769,0.616202984402304,0.699845044467272
0.846554026420516,0.956511301861244,0.677038214111644,0.583644986298939,0.75320927351017,0.593054793866572,0.735002099344848
0.681901921154598,0.87774673695275,0.832177805835879,0.527373039316064,0.593805852007005,0.466855880891424,0.663310206026287
0.72110764587036,0.926305548143295,0.825042053760664,0.60012531500732,0.543156980716846,0.697895980774407,0.718938920712149
0.843601345373495,0.916890250941196,0.806340389546679,0.913640958316251,0.591460210955522,0.710764116098696,0.797116211871973
0.846963671657608,0.964546748063851,0.599722310286407,0.454745873840947,0.709238205072274,0.590382656181878,0.694266577517161
0.0772674241927356,0.720121961436695,0.800495237593855,0.482780062284487,0.377979991086892,-0.395479984340707,0.343860782042326
0.922134427597663,0.984169598569306,0.938507307493181,0.932539027238596,0.886160682026335,0.925006714496394,0.931419626236913
0.415791013871131,0.896202535631986,0.892214292884696,0.761368998807394,0.610484366733861,0.550737340222193,0.68779975802521
0.881689014394206,0.904270608537496,0.831201027988461,0.851761789438915,0.854751525474901,0.321204021240208,0.774146331179031
0.892778974391513,0.943990873846448,0.884941943008681,0.594239666351979,0.798759873429043,0.743357415909399,0.80967812448951
0.834613692258221,0.90150346221893,0.660670216295317,0.561900676344604,0.736569944769225,0.0872824289280006,0.63042340346905
0.892238431108808,0.972490334634593,0.892743474003207,0.696616817037076,0.804766385745975,0.78242957614426,0.840214169778987
0.014964418781568,0.773691038446786,0.712229884417979,0.319367609082098,-0.0109615688358018,0.221210978965631,0.338417060143044
0.667457242726826,0.951107057069572,0.820371917228705,0.571073663911263,0.495572744897832,0.824691139922414,0.721712294292769
0.882427096573358,0.940737462557228,0.8369315202568,0.469292887851125,0.744806564426645,0.717071912356364,0.765211240670253
0.880574845122439,0.951288605419838,0.913080613243542,0.912469363594314,0.846875826220075,0.566775185251547,0.845177406475293
0.602760048929433,0.845793233443879,0.758287021070051,0.901602854215114,0.401188248393514,0.530872986766293,0.673417398803047
0.818579694217696,0.898849293823133,0.652760204555589,0.451583919022505,0.733121595687563,0.175416069667775,0.621718462829044
0.879558098420451,0.92596278030689,0.858181736356318,0.57826162487569,0.767236367111157,0.595452487836583,0.767442182484515
0.860401703207521,0.962103443626074,0.790230283397036,0.595643133165439,0.718805588224597,0.661978118000183,0.764860378270142
0.892560121434671,0.956828157597029,0.81741726700871,0.424350693902473,0.736968978402777,0.695013567392504,0.753856464289694
0.86833982343224,0.964619930175731,0.657089737656047,0.488780145202292,0.723160960487935,0.696804627526793,0.733132537413506
0.869082095517013,0.975375820571579,0.857215451498932,0.919290401254232,0.692792408669126,0.86513394848557,0.863148354332742
0.178965658810873,0.67317820969834,0.777248070222031,0.383759570597337,0.142179034620136,-0.151148260947471,0.334030380500208
0.727793566652696,0.97021315471829,0.821468258115051,0.546153027628067,0.511486088927539,0.838904253469477,0.736003058251853
0.625853421802115,0.95935076307554,0.886493442460581,0.848349136266316,0.629597827546955,0.832048041648097,0.796948772133267
0.898909508295804,0.941214879730922,0.727020303300599,0.927131918252612,0.782540442522253,0.754648609781288,0.838577610313913
0.744061757200054,0.812990584767376,0.809010381016583,0.386308930456743,0.658068482651733,0.335579769538554,0.624336650938507
0.946055814056176,0.971041186894214,0.942232776324474,0.93916454439016,0.890889425071514,0.88797503113982,0.929559796312726
0.306732705964487,0.930087932418009,0.874388695876371,0.798515895035233,0.517007972310554,0.561715162010322,0.664741393935829
0.872811172950888,0.941188628589032,0.833751172053718,0.46543197674692,0.756028638801029,0.663100606490846,0.755385365938739
0.840421549922577,0.896537622917526,0.694586134330521,0.830500262973819,0.755646866997906,0.247986398931317,0.710946472678944
0.844736382908335,0.946971324592951,0.644193098567174,0.489104304519774,0.731472050718293,0.459884196572888,0.686060226313236
0.903593208502731,0.982364734042119,0.9302014606741,0.912246327417483,0.879908285833885,0.911073720471706,0.919897956157004
0.844531418944392,0.912269098172103,0.705224976325349,0.51358666544654,0.741676715358734,0.371020057952358,0.681384822033246
0.846999706799188,0.939113123824516,0.755070263740247,0.876250993752274,0.827039717386139,0.441963214437603,0.781072836656661
0.638613101918472,0.812204904070694,0.907886034556097,0.915962431192591,0.738309433819097,0.0479363780668902,0.676818713937307
0.948755973215823,0.978078474959341,0.871963158154445,0.915105731641286,0.860662458643362,0.897761982847628,0.912054629910314
0.631041130328488,0.911445747872677,0.809061496516095,0.925118937766176,0.439571985536692,0.725297397640782,0.740256115943485
0.920043371599617,0.970563661385398,0.810015450872267,0.405058787089298,0.729324564542135,0.83769888577765,0.778784120211061
-0.0907508303320907,0.7137396126094,0.778299049505017,0.453522598153485,-0.00633123168161576,-0.188830395907084,0.276608133724519
0.871191463902882,0.977407248324947,0.786060009196542,0.524302337483365,0.706120529097634,0.821810176404435,0.781148627401634
0.902475939681641,0.969501170269293,0.78887348241563,0.443000593815918,0.748926203368068,0.817625319559061,0.778400451518269
0.793995097062922,0.85696535877923,0.653386342718149,0.804874831426121,0.815316603259622,-0.0142787908267348,0.651709907069885
0.857486034888591,0.944211653786418,0.845179714343191,0.897642923628566,0.823578639694645,0.589115229977391,0.826202366053134
0.661563338447611,0.958338269196723,0.891681324582075,0.874753146696991,0.722858549756902,0.729129555628867,0.806387364051528
0.854107294865825,0.922770903141497,0.831819840168589,0.421465894177951,0.699963814516095,0.622566807667249,0.725449092422868
0.896770410823496,0.940553513534103,0.805516198680805,0.556520825266934,0.699850302633934,0.795249479090632,0.782410121671651
0.930669983533289,0.966202239630193,0.913691390352088,0.928427004090733,0.871578375739623,0.869021908514938,0.913265150310144
0.661094141750617,0.944672676422619,0.85681369331876,0.537673516665081,0.601068397510002,0.721783278870604,0.720517617422947
0.848396582648808,0.974992859162804,0.820668767796487,0.776057265784571,0.62227350107873,0.843404342813772,0.814298886547529
0.0204330996898338,0.790669073335783,0.868804012454652,0.603959433691458,0.297147097183506,0.13009881022055,0.451851921095964
0.883316952908119,0.954494690139627,0.808712038692544,0.458789092530857,0.746916200130112,0.655606468082791,0.751305907080675
0.880209770842197,0.97564533868983,0.90993959871803,0.86736706014859,0.690719792295234,0.826260289479742,0.858356975028937
0.75391840233227,0.927069262479818,0.829964945722517,0.441390600205671,0.588629847032457,0.639854550327483,0.696804601350036
0.767666022616166,0.965356659200181,0.790129460717809,0.573146795542453,0.563756301809046,0.829475317319481,0.748255092867523
0.292048808108645,0.694851862990755,0.823075434902858,0.455147562169766,0.342462928928524,-0.101606347790982,0.417663374884928
0.86423041712336,0.965285430668705,0.823179021092914,0.543088411674256,0.737130599474394,0.774554725518027,0.784578100925276
0.882034356479044,0.973809601743425,0.783165138371183,0.45535825409948,0.673448477995158,0.832579185807061,0.766732502415892
0.907249868241642,0.93474237856681,0.933068622025278,0.929754692151829,0.814868435929054,0.669512242755108,0.864866039944953
0.849055756082744,0.868867398762445,0.617149975842173,0.840293925830914,0.79890050842694,-0.162792987064531,0.635245762980114
0.945759814770097,0.989203431314811,0.936481906376677,0.947008912023241,0.917683074929522,0.894318715618224,0.938409309172095
0.732593761088421,0.845566789080596,0.919585729802208,0.924799113706112,0.651596205596029,0.368596546387091,0.740456357610076
0.786710786662771,0.97260326188003,0.934103788562059,0.91756490169936,0.77547752609535,0.881418211215996,0.877979746019261
0.627384902660095,0.906830700838397,0.806775001281022,0.888352847467869,0.500236073595699,0.638469374014688,0.728008149976295
0.673636763867651,0.739917362544465,0.913751522609998,0.908486992827096,0.725114993947699,0.0488848110350268,0.668298741138656
0.882157164604219,0.95528492621328,0.86766118727456,0.712235563713449,0.763061072776657,0.720588553345006,0.816831411321195
0.90115247542312,0.968933987919008,0.77563559409125,0.789870825674518,0.792665406462164,0.766905619250275,0.832527318136723
0.638413079504032,0.963278878200107,0.809798811491968,0.480085589833598,0.434489137580081,0.81674364996208,0.690468191095311
0.540024419315,0.764434558295152,0.840634002279222,0.477028015705221,0.474659468895297,0.0512019072866509,0.524663728629424
0.891865478208405,0.969649508854818,0.887092422410698,0.649300191315003,0.714705944737892,0.790061457410952,0.817112500489628
0.869946031291662,0.972640355247634,0.909400681986546,0.896672542216452,0.841259575257043,0.830702224297735,0.886770235049512
0.867695544010443,0.961999580478401,0.766918075258775,0.469899274177291,0.7489327102556,0.768204517967643,0.763941617024692
0.855737789644096,0.970281820481399,0.940160277609192,0.938959975052773,0.695176001820192,0.902899431970585,0.883869216096373
0.741399014707992,0.968113995359695,0.820858031641814,0.901352198576365,0.611455533868623,0.814360004288708,0.809589796407199
0.834979167480551,0.869489228752319,0.694728885559216,0.854754365335527,0.791265135267695,-0.0196150809415943,0.670933616908952
0.912213844414298,0.950140319674683,0.842324633132469,0.48946781544001,0.77256968930205,0.685116940138218,0.775305540350288
0.44752277576565,0.872802298656069,0.794826109634121,0.388739394644127,0.466056302531984,0.423306609659744,0.565542248481949
0.845585253116966,0.903047923319071,0.571425114403726,0.435472406750586,0.714354292616346,0.215331947185826,0.614202822898753
0.602837477664157,0.851765517970755,0.685544922055229,0.376402262257479,0.256864575222776,0.574110269525107,0.55792083744925
0.900048555695141,0.943285354733061,0.907414032897031,0.896753184596808,0.841973257494434,0.683110145210976,0.862097421771242
0.893384945952588,0.936603984511801,0.85489516367375,0.785010326970854,0.777168159580713,0.765872444255816,0.835489170824254
