Index ,dummyvar1 ,dummyvar2 ,AEROD_V,std,FNET ,std,QRS,std,QRL,std,SCWF,std,LCWF,std,CLDH,std,CLDM,std,CLDL,std,FSNT,std,FLNT,std,SHFLX,std,LHFLX,std,D3,D4,PRECT,std
ind1,-9999,-9999,0.024,0.000,-2.600,0.352,0.036,0.001,-0.039,0.005,-4.89,0.11,0.76,0.15,-0.03,0.33,0.69,0.16,3.19,0.20,-4.188,0.109,-1.588,0.289,-0.100,0.073,-2.128,0.527,-9999,-9999,-0.13,0.03
ind2,-9999,-9999,0.020,0.000,-1.268,0.361,0.021,0.002,-0.028,0.006,-1.91,0.28,-0.78,0.15,-1.08,0.34,-0.89,0.09,1.66,0.16,-1.645,0.240,-0.377,0.240,-0.477,0.156,-0.330,0.240,-9999,-9999,-0.05,0.02
ind3,-9999,-9999,0.020,0.000,-0.797,0.173,0.022,0.001,-0.033,0.003,-1.52,0.20,-0.56,0.13,-0.91,0.02,-0.66,0.13,2.29,0.06,-1.364,0.160,-0.568,0.024,0.313,0.059,-0.834,0.029,-9999,-9999,-0.07,0.01
ind4,-9999,-9999,0.028,0.000,6.680,0.297,0.026,0.001,-0.022,0.004,6.84,0.16,-2.03,0.18,-2.10,0.24,-1.97,0.09,-1.39,0.12,7.555,0.180,0.875,0.194,-0.598,0.068,-3.099,0.154,-9999,-9999,-0.18,0.01
ind5,-9999,-9999,0.017,0.000,8.180,0.227,0.012,0.001,-0.005,0.004,9.61,0.19,-2.86,0.05,-2.45,0.18,-2.21,0.08,-1.92,0.12,10.263,0.236,2.083,0.032,-1.844,0.084,-0.770,0.287,-9999,-9999,-0.06,0.01
ind6,-9999,-9999,0.021,0.000,7.390,0.233,0.022,0.001,-0.004,0.004,7.32,0.31,-1.82,0.15,-1.56,0.19,-1.65,0.11,-1.57,0.14,8.271,0.265,0.881,0.161,-1.796,0.152,-2.856,0.235,-9999,-9999,-0.17,0.03
ind7,-9999,-9999,0.020,0.000,-2.525,0.101,0.031,0.002,-0.036,0.005,-2.70,0.23,-1.55,0.13,-2.08,0.06,-1.86,0.10,4.40,0.16,-2.081,0.201,0.444,0.105,-0.852,0.105,0.732,0.200,-9999,-9999,0.01,0.01
ind8,-9999,-9999,0.013,0.000,3.690,0.076,0.007,0.002,0.001,0.005,3.72,0.21,-1.22,0.15,-0.73,0.14,-0.37,0.19,-1.36,0.12,4.085,0.191,0.395,0.116,-1.880,0.108,-0.684,0.219,-9999,-9999,-0.07,0.01
ind9,-9999,-9999,0.021,0.000,1.323,0.247,0.020,0.001,-0.031,0.005,1.54,0.36,-1.73,0.19,-1.95,0.16,-1.78,0.28,1.24,0.19,1.833,0.368,0.510,0.131,-0.154,0.054,-0.168,0.122,-9999,-9999,-0.04,0.01
ind10,-9999,-9999,0.018,0.000,3.508,0.221,0.018,0.001,-0.008,0.004,2.12,0.17,0.04,0.08,0.15,0.15,0.55,0.06,-0.18,0.11,2.713,0.186,-0.795,0.127,-1.405,0.133,-2.287,0.120,-9999,-9999,-0.16,0.01
ind11,-9999,-9999,0.014,0.000,-7.763,0.026,0.023,0.001,-0.038,0.005,-9.41,0.08,0.16,0.09,-0.59,0.12,-0.49,0.09,6.68,0.02,-9.295,0.115,-1.532,0.093,0.101,0.110,1.425,0.222,-9999,-9999,0.01,0.02
ind12,-9999,-9999,0.014,0.000,-3.388,0.200,0.018,0.001,-0.024,0.005,-3.44,0.20,-1.98,0.06,-3.01,0.08,-2.71,0.04,3.26,0.10,-3.241,0.187,0.147,0.071,-0.237,0.052,0.461,0.086,-9999,-9999,-0.03,0.01
ind13,-9999,-9999,0.030,0.000,-4.936,0.398,0.046,0.001,-0.054,0.005,-5.59,0.33,-1.31,0.09,-2.02,0.08,-1.78,0.22,5.14,0.18,-4.726,0.345,0.210,0.053,-0.163,0.049,-0.237,0.207,-9999,-9999,-0.03,0.01
ind14,-9999,-9999,0.018,0.000,-4.857,0.047,0.031,0.001,-0.040,0.004,-7.02,0.26,0.53,0.21,-0.69,0.19,-0.16,0.16,5.31,0.22,-6.648,0.223,-1.791,0.233,0.412,0.092,-0.836,0.155,-9999,-9999,-0.07,0.01
ind15,-9999,-9999,0.021,0.000,0.977,0.246,0.027,0.002,-0.021,0.004,1.63,0.35,-3.36,0.13,-4.36,0.04,-4.13,0.20,1.11,0.22,2.385,0.383,1.408,0.179,-0.424,0.067,-1.407,0.142,-9999,-9999,-0.09,0.01
ind16,-9999,-9999,0.020,0.000,-2.184,0.160,0.022,0.001,-0.025,0.004,-1.88,0.13,-2.13,0.08,-2.52,0.11,-2.01,0.08,1.82,0.12,-1.397,0.066,0.787,0.099,-1.100,0.097,0.560,0.313,-9999,-9999,-0.01,0.02
ind17,-9999,-9999,0.022,0.000,-4.195,0.219,0.031,0.001,-0.025,0.004,-6.03,0.30,-0.17,0.07,-0.83,0.08,-0.24,0.12,2.06,0.09,-5.343,0.282,-1.148,0.063,-0.955,0.004,-1.617,0.219,-9999,-9999,-0.11,0.01
ind18,-9999,-9999,0.026,0.000,-9.708,0.325,0.041,0.001,-0.050,0.003,-11.15,0.28,-0.46,0.13,-1.46,0.31,-0.89,0.12,6.24,0.15,-10.530,0.271,-0.822,0.177,-0.095,0.032,0.323,0.172,-9999,-9999,0.00,0.00
ind19,-9999,-9999,0.011,0.000,-8.679,0.311,0.022,0.001,-0.036,0.005,-9.96,0.34,-0.65,0.12,-2.61,0.09,-2.25,0.15,6.94,0.20,-10.019,0.314,-1.340,0.200,1.267,0.096,0.942,0.207,-9999,-9999,0.02,0.01
ind20,-9999,-9999,0.018,0.000,9.736,0.197,0.012,0.001,-0.009,0.005,10.15,0.30,-1.94,0.16,-1.92,0.03,-2.18,0.19,-1.91,0.04,10.605,0.258,0.869,0.153,0.073,0.107,-3.249,0.094,-9999,-9999,-0.18,0.02
ind21,-9999,-9999,0.023,0.000,4.217,0.342,0.025,0.002,-0.010,0.005,4.02,0.54,-1.27,0.15,-0.59,0.09,-0.34,0.16,-0.86,0.29,5.037,0.502,0.820,0.164,-2.271,0.127,-1.572,0.275,-9999,-9999,-0.11,0.02
ind22,-9999,-9999,0.030,0.000,2.130,0.287,0.031,0.001,-0.029,0.003,2.11,0.16,-2.07,0.31,-2.64,0.35,-2.36,0.25,-0.30,0.10,2.749,0.125,0.619,0.409,-0.389,0.080,-2.640,0.139,-9999,-9999,-0.16,0.01
ind23,-9999,-9999,0.021,0.000,0.421,0.126,0.030,0.002,-0.012,0.004,-1.79,0.30,0.59,0.10,0.55,0.15,0.94,0.09,0.80,0.21,-0.854,0.250,-1.275,0.132,-1.735,0.131,-2.662,0.303,-9999,-9999,-0.16,0.02
ind24,-9999,-9999,0.020,0.000,-10.378,0.311,0.034,0.001,-0.041,0.004,-10.74,0.35,-2.30,0.20,-4.42,0.19,-3.89,0.16,7.17,0.18,-10.296,0.298,0.083,0.210,0.258,0.070,1.204,0.101,-9999,-9999,0.04,0.01
ind25,-9999,-9999,0.014,0.000,-8.187,0.364,0.021,0.001,-0.032,0.004,-10.28,0.22,0.87,0.11,-0.05,0.20,0.69,0.16,4.72,0.07,-10.230,0.256,-2.043,0.171,-0.145,0.021,0.692,0.205,-9999,-9999,-0.01,0.01
ind26,-9999,-9999,0.020,0.000,-15.607,0.116,0.033,0.001,-0.047,0.005,-18.02,0.16,1.16,0.06,0.21,0.06,1.07,0.10,8.23,0.07,-17.973,0.174,-2.366,0.072,0.348,0.115,1.400,0.213,-9999,-9999,0.03,0.00
ind27,-9999,-9999,0.014,0.000,7.274,0.056,0.004,0.001,-0.006,0.003,9.10,0.21,-3.76,0.13,-4.05,0.09,-4.10,0.21,-1.69,0.10,9.323,0.193,2.050,0.249,0.338,0.065,-1.592,0.019,-9999,-9999,-0.10,0.00
ind28,-9999,-9999,0.028,0.000,1.383,0.204,0.040,0.001,-0.043,0.004,0.20,0.11,-0.86,0.11,-1.58,0.17,-1.33,0.06,2.65,0.03,1.128,0.087,-0.256,0.152,0.160,0.083,-2.413,0.083,-9999,-9999,-0.14,0.01
ind29,-9999,-9999,0.023,0.000,7.343,0.208,0.015,0.001,-0.016,0.003,9.37,0.14,-3.90,0.05,-3.83,0.14,-3.56,0.10,-1.73,0.08,9.864,0.170,2.522,0.040,-0.876,0.083,-0.920,0.252,-9999,-9999,-0.08,0.01
ind30,-9999,-9999,0.022,0.000,-3.401,0.201,0.041,0.001,-0.035,0.004,-4.71,0.35,-1.16,0.13,-2.27,0.11,-2.56,0.17,4.47,0.17,-3.780,0.282,-0.380,0.137,0.005,0.070,-1.579,0.194,-9999,-9999,-0.09,0.03
ind31,-9999,-9999,0.019,0.000,-2.683,0.408,0.022,0.001,-0.017,0.004,-4.23,0.35,-0.22,0.09,-0.72,0.20,-0.32,0.10,1.28,0.16,-3.885,0.360,-1.202,0.201,-0.773,0.130,-1.574,0.302,-9999,-9999,-0.12,0.02
ind32,-9999,-9999,0.017,0.000,3.465,0.266,0.009,0.001,0.000,0.004,4.18,0.18,-1.97,0.10,-1.19,0.21,-0.67,0.12,-2.21,0.07,4.656,0.233,1.191,0.115,-2.173,0.113,-0.617,0.274,-9999,-9999,-0.07,0.02
ind33,-9999,-9999,0.021,0.000,-13.451,0.107,0.035,0.001,-0.048,0.005,-14.93,0.32,-0.32,0.16,-2.04,0.04,-1.31,0.19,6.66,0.15,-14.925,0.261,-1.474,0.216,0.942,0.171,0.173,0.215,-9999,-9999,-0.02,0.03
ind34,-9999,-9999,0.022,0.000,0.317,0.311,0.031,0.001,-0.024,0.005,-1.73,0.43,0.12,0.12,-0.45,0.07,-0.11,0.15,1.47,0.20,-0.911,0.335,-1.228,0.118,-0.485,0.201,-2.945,0.391,-9999,-9999,-0.16,0.03
ind35,-9999,-9999,0.015,0.000,-3.509,0.190,0.030,0.001,-0.024,0.004,-4.23,0.06,-1.57,0.10,-2.65,0.08,-2.59,0.12,4.03,0.02,-3.398,0.106,0.111,0.134,-0.608,0.021,-0.327,0.040,-9999,-9999,-0.06,0.01
ind36,-9999,-9999,0.020,0.000,-5.270,0.191,0.038,0.002,-0.047,0.006,-5.45,0.24,-2.55,0.17,-4.89,0.15,-4.62,0.10,7.24,0.10,-4.820,0.218,0.450,0.208,1.848,0.168,-0.474,0.188,-9999,-9999,-0.04,0.01
ind37,-9999,-9999,0.023,0.000,0.531,0.142,0.029,0.001,-0.045,0.005,1.64,0.12,-3.29,0.08,-4.74,0.11,-4.39,0.15,3.40,0.08,2.020,0.093,1.488,0.084,1.191,0.151,-0.301,0.303,-9999,-9999,-0.05,0.02
ind38,-9999,-9999,0.021,0.000,7.724,0.237,0.015,0.002,0.000,0.005,7.29,0.21,-0.75,0.11,0.09,0.19,0.32,0.10,-1.81,0.16,7.854,0.213,0.130,0.133,-2.150,0.190,-2.338,0.256,-9999,-9999,-0.16,0.03
ind39,-9999,-9999,0.021,0.000,1.159,0.096,0.016,0.001,-0.009,0.004,2.88,0.07,-3.32,0.09,-2.96,0.23,-2.26,0.04,-1.55,0.16,3.407,0.075,2.248,0.038,-1.976,0.175,0.084,0.460,-9999,-9999,-0.03,0.04
ind40,-9999,-9999,0.018,0.000,-5.216,0.214,0.029,0.002,-0.047,0.006,-5.47,0.32,-1.74,0.12,-3.53,0.14,-3.17,0.21,6.08,0.11,-5.290,0.291,-0.074,0.089,1.593,0.086,0.120,0.319,-9999,-9999,-0.01,0.02
ind41,-9999,-9999,0.029,0.000,7.196,0.218,0.016,0.001,-0.006,0.004,9.39,0.07,-4.17,0.12,-3.99,0.25,-3.49,0.07,-3.17,0.07,9.903,0.165,2.707,0.149,-1.416,0.122,-1.935,0.330,-9999,-9999,-0.12,0.01
ind42,-9999,-9999,0.008,0.000,1.329,0.377,0.012,0.002,-0.011,0.005,1.85,0.50,-2.61,0.18,-3.54,0.07,-3.50,0.21,1.92,0.29,2.175,0.471,0.846,0.117,-0.175,0.100,0.237,0.354,-9999,-9999,-0.02,0.02
ind43,-9999,-9999,0.026,0.000,-0.365,0.250,0.025,0.002,-0.028,0.005,-0.73,0.33,-0.89,0.09,-0.61,0.18,-0.39,0.17,0.21,0.15,-0.455,0.324,-0.090,0.134,-0.457,0.068,-1.454,0.131,-9999,-9999,-0.12,0.01
ind44,-9999,-9999,0.023,0.000,1.112,0.229,0.027,0.001,-0.027,0.004,-0.02,0.37,-0.55,0.15,-1.12,0.03,-0.83,0.17,0.44,0.21,0.461,0.308,-0.651,0.173,0.163,0.123,-3.045,0.164,-9999,-9999,-0.19,0.01
ind45,-9999,-9999,0.014,0.000,9.952,0.087,0.007,0.001,-0.005,0.004,12.50,0.24,-4.55,0.13,-4.94,0.04,-4.50,0.18,-1.84,0.15,13.118,0.222,3.166,0.155,-0.823,0.161,-0.544,0.282,-9999,-9999,-0.06,0.03
ind46,-9999,-9999,0.022,0.000,-5.678,0.243,0.046,0.001,-0.046,0.005,-8.16,0.34,0.06,0.20,-1.55,0.15,-1.40,0.14,8.42,0.16,-7.169,0.279,-1.491,0.256,0.024,0.184,-0.782,0.281,-9999,-9999,-0.06,0.02
ind47,-9999,-9999,0.021,0.000,5.106,0.090,0.023,0.001,-0.026,0.005,6.34,0.20,-3.07,0.07,-3.20,0.14,-2.81,0.05,0.37,0.06,7.214,0.237,2.108,0.149,-1.156,0.038,-0.074,0.250,-9999,-9999,-0.02,0.02
ind48,-9999,-9999,0.029,0.000,-2.020,0.174,0.044,0.002,-0.047,0.006,-3.08,0.15,-0.96,0.10,-1.92,0.09,-1.51,0.05,4.33,0.13,-2.172,0.141,-0.152,0.134,-0.312,0.160,-1.298,0.190,-9999,-9999,-0.10,0.02
ind49,-9999,-9999,0.016,0.000,-1.530,0.061,0.018,0.001,-0.021,0.004,-0.00,0.20,-3.75,0.12,-5.09,0.10,-4.33,0.15,1.60,0.13,0.382,0.081,1.913,0.111,-0.546,0.074,0.795,0.177,-9999,-9999,-0.01,0.01
ind50,-9999,-9999,0.025,0.000,-17.649,0.098,0.048,0.001,-0.054,0.005,-20.60,0.18,1.29,0.07,-0.02,0.15,0.83,0.01,9.52,0.13,-20.113,0.131,-2.464,0.034,-0.212,0.081,0.834,0.244,-9999,-9999,-0.00,0.01
ind51,-9999,-9999,0.019,0.000,1.592,0.196,0.020,0.001,-0.023,0.005,1.91,0.17,-1.56,0.11,-1.24,0.03,-0.94,0.10,1.01,0.10,2.422,0.160,0.830,0.036,-1.356,0.063,0.382,0.238,-9999,-9999,-0.01,0.01
ind52,-9999,-9999,0.014,0.000,4.391,0.167,0.016,0.001,-0.012,0.003,3.49,0.18,-0.77,0.10,-0.89,0.19,-0.91,0.20,0.34,0.09,4.024,0.132,-0.367,0.193,-0.585,0.150,-1.847,0.202,-9999,-9999,-0.13,0.00
ind53,-9999,-9999,0.023,0.000,7.766,0.359,0.011,0.001,-0.012,0.005,8.20,0.29,-1.31,0.12,-0.57,0.30,-0.31,0.19,-1.76,0.17,8.501,0.266,0.736,0.221,-0.868,0.103,-1.909,0.343,-9999,-9999,-0.12,0.03
ind54,-9999,-9999,0.020,0.000,2.140,0.088,0.027,0.001,-0.023,0.005,3.29,0.22,-2.82,0.16,-2.61,0.12,-2.22,0.20,0.93,0.14,4.289,0.205,2.150,0.237,-1.788,0.114,0.319,0.144,-9999,-9999,-0.00,0.01
ind55,-9999,-9999,0.020,0.000,-3.438,0.275,0.026,0.001,-0.042,0.005,-4.12,0.20,-1.21,0.08,-2.54,0.16,-2.10,0.14,3.56,0.02,-3.907,0.236,-0.469,0.050,1.189,0.106,-0.727,0.184,-9999,-9999,-0.06,0.01
ind56,-9999,-9999,0.023,0.000,-4.217,0.075,0.044,0.002,-0.050,0.006,-6.15,0.28,-0.09,0.12,-1.35,0.16,-1.05,0.08,6.93,0.26,-5.201,0.184,-0.984,0.128,0.024,0.141,-0.570,0.309,-9999,-9999,-0.06,0.02
ind57,-9999,-9999,0.022,0.000,6.205,0.287,0.023,0.002,-0.014,0.005,6.41,0.34,-1.31,0.14,-1.23,0.10,-1.67,0.21,-2.39,0.11,7.371,0.311,1.166,0.176,-0.165,0.140,-3.830,0.282,-9999,-9999,-0.16,0.02
ind58,-9999,-9999,0.027,0.000,7.209,0.317,0.029,0.001,-0.015,0.004,7.38,0.27,-1.91,0.07,-1.48,0.14,-1.31,0.08,-1.30,0.25,8.519,0.272,1.310,0.101,-2.003,0.165,-2.372,0.263,-9999,-9999,-0.14,0.02
ind59,-9999,-9999,0.018,0.000,-14.308,0.305,0.039,0.001,-0.046,0.004,-18.14,0.31,2.31,0.25,0.42,0.19,1.73,0.17,8.95,0.14,-17.807,0.247,-3.499,0.295,0.405,0.079,-0.222,0.123,-9999,-9999,-0.04,0.01
ind60,-9999,-9999,0.031,0.000,6.277,0.276,0.022,0.001,-0.016,0.004,6.38,0.16,-1.24,0.05,-0.21,0.22,-0.18,0.10,-1.62,0.07,6.995,0.159,0.718,0.150,-1.425,0.083,-2.449,0.153,-9999,-9999,-0.15,0.01
ind61,-9999,-9999,0.016,0.000,-4.150,0.151,0.033,0.002,-0.042,0.006,-7.15,0.32,1.81,0.18,0.78,0.09,1.47,0.20,6.55,0.16,-6.709,0.287,-2.559,0.172,0.149,0.108,-0.583,0.150,-9999,-9999,-0.06,0.01
ind62,-9999,-9999,0.013,0.000,4.781,0.315,-0.002,0.001,0.003,0.003,5.39,0.19,-1.52,0.04,-0.57,0.18,-0.33,0.12,-2.08,0.11,5.381,0.250,0.600,0.080,-1.515,0.142,-0.127,0.335,-9999,-9999,-0.05,0.01
ind63,-9999,-9999,0.017,0.000,3.315,0.286,0.012,0.001,0.003,0.004,1.35,0.38,1.09,0.20,1.57,0.20,2.23,0.14,-0.93,0.24,1.642,0.365,-1.672,0.215,-1.727,0.070,-2.976,0.157,-9999,-9999,-0.20,0.02
ind64,-9999,-9999,0.020,0.000,-8.115,0.366,0.039,0.001,-0.054,0.004,-10.44,0.17,0.83,0.12,-0.43,0.23,0.24,0.08,8.74,0.13,-9.959,0.264,-1.844,0.188,0.753,0.056,0.328,0.092,-9999,-9999,-0.01,0.01
ind65,-9999,-9999,0.015,0.000,3.779,0.389,0.019,0.001,-0.015,0.004,2.23,0.31,0.34,0.08,0.59,0.05,0.75,0.12,1.67,0.21,2.867,0.326,-0.912,0.121,-1.314,0.101,-1.379,0.250,-9999,-9999,-0.11,0.02
ind66,-9999,-9999,0.013,0.000,3.757,0.194,0.011,0.001,-0.026,0.003,5.62,0.21,-4.06,0.16,-5.25,0.11,-5.24,0.16,1.27,0.16,5.743,0.139,1.986,0.184,1.738,0.132,-0.408,0.224,-9999,-9999,-0.04,0.02
ind67,-9999,-9999,0.025,0.000,-12.059,0.365,0.042,0.001,-0.047,0.005,-13.17,0.25,-0.96,0.06,-2.21,0.27,-1.76,0.09,6.78,0.11,-12.631,0.222,-0.572,0.154,-0.530,0.150,0.992,0.347,-9999,-9999,0.02,0.03
ind68,-9999,-9999,0.028,0.000,-2.897,0.506,0.035,0.002,-0.031,0.005,-1.37,0.41,-4.17,0.08,-5.28,0.24,-4.44,0.12,1.96,0.20,-0.502,0.483,2.395,0.024,-1.266,0.146,0.090,0.368,-9999,-9999,-0.01,0.04
ind69,-9999,-9999,0.021,0.000,2.091,0.191,0.027,0.001,-0.022,0.004,1.59,0.31,-1.16,0.12,-1.44,0.08,-1.80,0.18,-0.32,0.04,2.362,0.269,0.270,0.097,0.040,0.059,-2.940,0.106,-9999,-9999,-0.15,0.01
ind70,-9999,-9999,0.009,0.000,-5.913,0.236,0.020,0.001,-0.024,0.004,-7.97,0.37,0.74,0.08,-0.20,0.09,-0.34,0.15,3.77,0.12,-7.811,0.366,-1.898,0.171,0.916,0.145,-0.761,0.223,-9999,-9999,-0.05,0.02
ind71,-9999,-9999,0.025,0.000,0.292,0.340,0.022,0.001,-0.021,0.005,-0.39,0.36,-0.35,0.13,0.09,0.09,0.64,0.17,-0.17,0.13,-0.142,0.377,-0.434,0.072,-1.116,0.036,-1.178,0.215,-9999,-9999,-0.09,0.01
ind72,-9999,-9999,0.021,0.000,-2.525,0.237,0.024,0.002,-0.032,0.006,-3.26,0.30,-1.02,0.10,-1.80,0.12,-1.55,0.10,2.31,0.17,-3.074,0.292,-0.549,0.077,0.154,0.221,-0.920,0.329,-9999,-9999,-0.07,0.03
ind73,-9999,-9999,0.024,0.000,-7.526,0.307,0.037,0.001,-0.053,0.005,-7.35,0.17,-2.29,0.06,-3.64,0.14,-3.37,0.12,6.35,0.08,-6.881,0.216,0.646,0.112,0.716,0.144,0.825,0.251,-9999,-9999,0.02,0.02
ind74,-9999,-9999,0.021,0.000,10.452,0.137,0.013,0.001,0.004,0.004,11.96,0.19,-3.72,0.05,-3.47,0.09,-3.51,0.08,-3.05,0.14,12.855,0.110,2.403,0.029,-1.413,0.118,-2.858,0.316,-9999,-9999,-0.16,0.03
ind75,-9999,-9999,0.025,0.000,4.499,0.129,0.038,0.001,-0.031,0.005,2.77,0.28,-0.13,0.12,-0.47,0.11,-0.49,0.11,1.63,0.12,3.882,0.203,-0.617,0.074,-0.751,0.040,-2.987,0.212,-9999,-9999,-0.16,0.00
ind76,-9999,-9999,0.007,0.000,2.802,0.181,0.005,0.001,-0.008,0.004,2.91,0.21,-0.69,0.09,0.01,0.05,0.17,0.10,0.60,0.10,3.026,0.175,0.224,0.073,-1.210,0.019,0.583,0.183,-9999,-9999,-0.02,0.02
ind77,-9999,-9999,0.027,0.000,7.901,0.306,0.019,0.001,-0.001,0.004,9.50,0.12,-3.00,0.06,-2.08,0.24,-1.75,0.04,-2.91,0.17,10.388,0.187,2.487,0.123,-2.763,0.125,-1.523,0.231,-9999,-9999,-0.10,0.02
ind78,-9999,-9999,0.008,0.000,-2.885,0.218,0.005,0.002,-0.021,0.005,-1.06,0.24,-3.52,0.16,-4.80,0.10,-3.85,0.18,2.42,0.15,-1.201,0.270,1.684,0.072,-0.017,0.168,2.546,0.351,-9999,-9999,0.09,0.02
ind79,-9999,-9999,0.011,0.000,-8.743,0.164,0.019,0.001,-0.022,0.004,-8.85,0.16,-2.29,0.07,-3.90,0.12,-3.62,0.14,4.79,0.04,-8.784,0.181,-0.042,0.068,0.555,0.039,1.009,0.068,-9999,-9999,0.02,0.01
ind80,-9999,-9999,0.029,0.000,11.535,0.395,0.029,0.001,-0.017,0.004,12.36,0.23,-2.82,0.05,-2.82,0.17,-3.27,0.08,-2.27,0.07,13.380,0.257,1.845,0.138,-0.201,0.099,-4.699,0.212,-9999,-9999,-0.23,0.01
ind81,-9999,-9999,0.022,0.000,-15.211,0.213,0.046,0.001,-0.055,0.005,-17.95,0.12,1.27,0.08,-0.05,0.30,0.71,0.04,10.63,0.06,-17.506,0.083,-2.295,0.160,-0.205,0.150,1.533,0.209,-9999,-9999,0.05,0.02
ind82,-9999,-9999,0.016,0.000,3.246,0.318,0.020,0.001,-0.028,0.003,3.50,0.16,-2.29,0.15,-3.24,0.15,-3.32,0.12,1.86,0.09,3.885,0.211,0.639,0.174,0.891,0.006,-1.220,0.093,-9999,-9999,-0.09,0.01
ind83,-9999,-9999,0.020,0.000,-4.360,0.228,0.028,0.001,-0.034,0.004,-5.28,0.24,-0.44,0.11,-0.40,0.16,-0.23,0.09,3.57,0.13,-4.789,0.219,-0.429,0.213,-0.967,0.083,0.544,0.132,-9999,-9999,-0.01,0.01
ind84,-9999,-9999,0.023,0.000,-6.804,0.188,0.031,0.001,-0.041,0.004,-7.30,0.44,-1.60,0.18,-2.98,0.18,-2.44,0.12,3.74,0.21,-6.930,0.350,-0.125,0.202,0.414,0.121,-0.281,0.222,-9999,-9999,-0.04,0.01
ind85,-9999,-9999,0.019,0.000,2.123,0.286,0.025,0.002,-0.025,0.005,1.34,0.41,-0.87,0.17,-0.96,0.11,-0.95,0.11,1.80,0.22,1.946,0.420,-0.176,0.156,-1.048,0.081,-0.912,0.173,-9999,-9999,-0.08,0.01
ind86,-9999,-9999,0.020,0.000,15.626,0.255,0.010,0.001,0.009,0.005,18.40,0.25,-4.70,0.07,-4.21,0.09,-4.50,0.01,-3.98,0.16,19.452,0.290,3.826,0.036,-1.049,0.048,-2.874,0.219,-9999,-9999,-0.15,0.01
ind87,-9999,-9999,0.015,0.000,4.692,0.355,0.007,0.001,-0.012,0.004,4.67,0.14,-1.72,0.09,-2.03,0.31,-1.99,0.04,-0.56,0.19,4.926,0.138,0.234,0.274,0.104,0.089,-1.727,0.390,-9999,-9999,-0.12,0.03
ind88,-9999,-9999,0.022,0.000,3.061,0.302,0.026,0.001,-0.012,0.004,1.85,0.14,-0.47,0.08,-0.56,0.14,-0.04,0.06,0.06,0.09,2.713,0.157,-0.347,0.171,-1.614,0.094,-2.508,0.147,-9999,-9999,-0.17,0.02
ind89,-9999,-9999,0.008,0.000,-10.616,0.135,0.015,0.001,-0.035,0.005,-12.29,0.20,0.61,0.09,-0.18,0.04,0.23,0.09,7.23,0.05,-12.571,0.215,-1.955,0.081,0.199,0.118,2.788,0.208,-9999,-9999,0.08,0.01
ind90,-9999,-9999,0.014,0.000,-4.240,0.312,0.025,0.001,-0.028,0.004,-5.35,0.37,-0.85,0.16,-1.85,0.20,-2.22,0.28,3.40,0.17,-4.870,0.381,-0.630,0.158,0.849,0.064,-1.196,0.155,-9999,-9999,-0.06,0.01
ind91,-9999,-9999,0.022,0.000,-3.966,0.283,0.032,0.001,-0.030,0.004,-2.12,0.20,-4.24,0.09,-5.63,0.24,-4.36,0.12,2.30,0.15,-1.275,0.123,2.691,0.192,-1.347,0.102,1.093,0.313,-9999,-9999,0.03,0.01
ind92,-9999,-9999,0.024,0.000,0.411,0.361,0.038,0.002,-0.042,0.006,3.00,0.29,-5.08,0.01,-6.57,0.19,-5.22,0.09,4.24,0.19,4.205,0.326,3.795,0.051,-0.888,0.075,1.613,0.350,-9999,-9999,0.07,0.01
ind93,-9999,-9999,0.011,0.000,-2.678,0.199,0.020,0.002,-0.017,0.005,-4.55,0.23,0.75,0.07,0.50,0.14,0.83,0.04,3.52,0.12,-4.037,0.209,-1.359,0.019,-1.134,0.132,-0.347,0.270,-9999,-9999,-0.07,0.03
ind94,-9999,-9999,0.025,0.000,0.146,0.336,0.035,0.001,-0.033,0.005,-1.71,0.26,0.06,0.10,-0.30,0.23,0.01,0.13,2.63,0.14,-0.709,0.233,-0.855,0.105,-0.851,0.064,-2.063,0.294,-9999,-9999,-0.13,0.01
ind95,-9999,-9999,0.015,0.000,1.968,0.445,0.011,0.001,-0.007,0.004,2.58,0.29,-2.07,0.04,-1.76,0.24,-1.33,0.04,-1.25,0.18,3.055,0.316,1.088,0.162,-1.711,0.052,-0.211,0.337,-9999,-9999,-0.04,0.01
ind96,-9999,-9999,0.012,0.000,-10.745,0.132,0.018,0.001,-0.031,0.004,-11.35,0.37,-1.33,0.21,-3.28,0.22,-2.79,0.28,5.66,0.17,-11.644,0.283,-0.898,0.269,1.351,0.070,0.902,0.075,-9999,-9999,0.02,0.01
ind97,-9999,-9999,0.007,0.000,9.238,0.313,-0.002,0.001,-0.006,0.004,14.00,0.32,-5.15,0.08,-5.01,0.14,-6.28,0.04,-4.17,0.20,14.251,0.319,5.013,0.063,1.000,0.084,-0.614,0.139,-9999,-9999,0.01,0.01
ind98,-9999,-9999,0.021,0.000,0.017,0.275,0.011,0.001,-0.004,0.004,-0.99,0.26,-0.57,0.12,-0.57,0.06,0.05,0.06,-1.36,0.08,-0.878,0.245,-0.895,0.167,-1.137,0.032,-2.115,0.145,-9999,-9999,-0.14,0.02
ind99,-9999,-9999,0.024,0.000,4.830,0.146,0.029,0.001,-0.021,0.005,6.97,0.15,-4.10,0.06,-4.35,0.15,-3.58,0.08,-0.34,0.18,8.024,0.157,3.193,0.136,-1.946,0.099,-0.174,0.427,-9999,-9999,-0.02,0.03
ind100,-9999,-9999,0.008,0.000,-4.382,0.365,0.015,0.001,-0.021,0.005,-6.73,0.33,1.18,0.22,0.33,0.27,1.01,0.22,4.13,0.12,-6.641,0.370,-2.259,0.176,-0.120,0.020,-0.336,0.055,-9999,-9999,-0.07,0.02
ind101,-9999,-9999,0.022,0.000,8.625,0.151,0.020,0.001,-0.014,0.004,10.05,0.15,-2.83,0.02,-2.05,0.18,-1.92,0.07,-1.26,0.11,10.994,0.107,2.369,0.060,-2.001,0.122,-0.625,0.285,-9999,-9999,-0.07,0.01
ind102,-9999,-9999,0.013,0.000,-6.354,0.132,0.028,0.001,-0.044,0.005,-8.07,0.20,0.27,0.05,-0.69,0.11,-0.57,0.03,8.88,0.13,-7.713,0.122,-1.359,0.067,0.127,0.127,1.990,0.326,-9999,-9999,0.05,0.02
ind103,-9999,-9999,0.026,0.000,-2.576,0.397,0.019,0.001,-0.021,0.004,-2.09,0.36,-2.11,0.13,-2.34,0.20,-1.74,0.04,-0.56,0.16,-2.092,0.355,0.484,0.223,-0.587,0.119,-0.620,0.126,-9999,-9999,-0.07,0.01
ind104,-9999,-9999,0.014,0.000,-3.677,0.236,0.022,0.001,-0.035,0.005,-5.03,0.18,-0.29,0.17,-1.69,0.21,-1.23,0.16,4.76,0.07,-4.836,0.148,-1.159,0.257,0.642,0.129,-0.080,0.179,-9999,-9999,-0.03,0.02
ind105,-9999,-9999,0.036,0.000,-2.953,0.318,0.050,0.001,-0.051,0.005,-3.97,0.38,-0.79,0.08,-0.93,0.06,-0.72,0.03,3.02,0.20,-2.992,0.325,-0.040,0.123,-0.549,0.154,-1.988,0.254,-9999,-9999,-0.12,0.02
ind106,-9999,-9999,0.028,0.000,10.787,0.314,0.015,0.001,0.003,0.004,12.22,0.16,-2.78,0.06,-1.81,0.31,-1.61,0.03,-3.52,0.19,13.098,0.141,2.311,0.174,-2.304,0.187,-2.215,0.433,-9999,-9999,-0.14,0.04
ind107,-9999,-9999,0.019,0.000,-2.258,0.300,0.031,0.001,-0.040,0.004,-1.63,0.24,-3.38,0.11,-5.27,0.09,-4.91,0.21,5.11,0.14,-0.939,0.200,1.319,0.217,0.886,0.124,0.267,0.173,-9999,-9999,-0.02,0.01
ind108,-9999,-9999,0.018,0.000,-6.778,0.282,0.031,0.001,-0.042,0.005,-6.96,0.24,-1.61,0.04,-2.53,0.17,-2.06,0.05,6.52,0.14,-6.459,0.210,0.320,0.073,-0.547,0.126,2.024,0.394,-9999,-9999,0.07,0.03
ind109,-9999,-9999,0.017,0.000,-3.909,0.114,0.028,0.001,-0.051,0.004,-3.39,0.11,-2.38,0.06,-3.90,0.21,-3.77,0.04,7.18,0.01,-3.237,0.090,0.672,0.060,1.351,0.114,1.620,0.084,-9999,-9999,0.06,0.01
ind110,-9999,-9999,0.026,0.000,-15.367,0.401,0.045,0.001,-0.046,0.004,-17.74,0.28,0.34,0.05,-0.55,0.20,-0.08,0.02,8.30,0.10,-17.009,0.253,-1.643,0.149,-0.935,0.076,1.080,0.216,-9999,-9999,0.02,0.00
ind111,-9999,-9999,0.013,0.000,-2.832,0.343,0.009,0.001,-0.013,0.005,-3.21,0.33,-1.51,0.12,-2.26,0.08,-1.93,0.18,0.95,0.12,-3.268,0.236,-0.436,0.150,-0.053,0.131,-0.633,0.364,-9999,-9999,-0.06,0.01
ind112,-9999,-9999,0.020,0.000,-6.558,0.247,0.036,0.002,-0.024,0.005,-8.29,0.46,0.05,0.14,-0.54,0.10,-0.10,0.10,3.47,0.21,-7.503,0.391,-0.945,0.152,-1.840,0.122,-0.615,0.244,-9999,-9999,-0.07,0.02
ind113,-9999,-9999,0.024,0.000,1.378,0.587,0.018,0.001,-0.022,0.005,0.38,0.27,0.16,0.16,0.25,0.25,0.94,0.09,0.10,0.15,0.520,0.257,-0.858,0.360,-0.346,0.045,-2.038,0.290,-9999,-9999,-0.12,0.02
ind114,-9999,-9999,0.020,0.000,-2.508,0.322,0.041,0.002,-0.047,0.006,-4.25,0.28,-0.10,0.09,-0.91,0.05,-0.90,0.14,7.42,0.18,-3.325,0.276,-0.818,0.199,-0.434,0.107,0.084,0.248,-9999,-9999,-0.03,0.01
ind115,-9999,-9999,0.019,0.000,-6.256,0.306,0.043,0.001,-0.037,0.005,-9.05,0.34,1.09,0.10,-0.07,0.12,-0.24,0.15,6.41,0.17,-8.222,0.335,-1.966,0.034,0.038,0.038,-1.357,0.175,-9999,-9999,-0.08,0.02
ind116,-9999,-9999,0.023,0.000,-17.711,0.211,0.053,0.002,-0.059,0.005,-21.55,0.33,2.41,0.18,0.43,0.01,1.65,0.20,12.51,0.12,-21.097,0.309,-3.386,0.146,0.364,0.067,0.553,0.045,-9999,-9999,0.00,0.01
ind117,-9999,-9999,0.018,0.000,4.132,0.197,0.029,0.001,-0.027,0.005,3.93,0.28,-1.46,0.08,-1.80,0.04,-2.53,0.14,0.67,0.09,4.985,0.265,0.853,0.145,0.282,0.069,-2.219,0.248,-9999,-9999,-0.10,0.02
ind118,-9999,-9999,0.021,0.000,10.187,0.463,0.026,0.001,-0.011,0.004,12.25,0.37,-2.63,0.06,-2.14,0.25,-3.12,0.09,-3.65,0.10,13.635,0.387,3.449,0.076,-0.766,0.051,-3.267,0.281,-9999,-9999,-0.12,0.02
ind119,-9999,-9999,0.014,0.000,-18.081,0.279,0.037,0.001,-0.050,0.004,-21.63,0.19,2.05,0.19,-0.36,0.21,0.59,0.11,12.38,0.15,-21.621,0.196,-3.541,0.269,0.921,0.115,1.481,0.039,-9999,-9999,0.03,0.01
ind120,-9999,-9999,0.008,0.000,-5.570,0.132,0.027,0.001,-0.038,0.005,-7.66,0.16,0.00,0.15,-1.98,0.12,-2.11,0.16,8.93,0.12,-7.443,0.129,-1.872,0.127,1.896,0.145,0.197,0.255,-9999,-9999,-0.01,0.03
ind121,-9999,-9999,0.013,0.000,5.370,0.226,0.001,0.001,-0.010,0.005,8.73,0.14,-4.95,0.05,-5.24,0.18,-4.26,0.10,-1.32,0.18,8.885,0.076,3.516,0.192,-0.839,0.133,1.563,0.367,-9999,-9999,0.06,0.03
ind122,-9999,-9999,0.021,0.000,6.279,0.308,0.031,0.002,-0.024,0.004,7.09,0.30,-2.22,0.07,-2.35,0.07,-3.34,0.11,-1.06,0.10,8.195,0.324,1.917,0.130,-0.045,0.076,-2.875,0.113,-9999,-9999,-0.13,0.01
ind123,-9999,-9999,0.020,0.000,-8.979,0.326,0.041,0.002,-0.034,0.005,-10.38,0.45,-0.77,0.12,-1.99,0.10,-1.76,0.08,6.38,0.25,-9.424,0.419,-0.445,0.223,-1.419,0.098,0.395,0.135,-9999,-9999,-0.02,0.01
ind124,-9999,-9999,0.032,0.000,-1.523,0.191,0.041,0.002,-0.032,0.006,-4.12,0.31,0.88,0.23,0.19,0.15,1.05,0.14,1.11,0.14,-3.222,0.234,-1.699,0.339,-0.486,0.218,-4.119,0.105,-9999,-9999,-0.24,0.02
ind125,-9999,-9999,0.006,0.000,7.825,0.327,-0.001,0.001,-0.002,0.005,8.58,0.39,-0.94,0.08,-0.52,0.10,-1.30,0.12,-2.27,0.12,8.720,0.351,0.895,0.034,0.545,0.118,-2.037,0.255,-9999,-9999,-0.10,0.03
ind126,-9999,-9999,0.028,0.000,1.948,0.306,0.046,0.001,-0.045,0.005,3.64,0.20,-4.47,0.03,-5.52,0.16,-6.48,0.08,2.49,0.13,4.792,0.233,2.844,0.072,0.868,0.088,-2.024,0.171,-9999,-9999,-0.07,0.01
ind127,-9999,-9999,0.018,0.000,5.859,0.333,0.002,0.001,0.010,0.004,5.50,0.24,-0.76,0.09,-0.30,0.19,0.13,0.11,-2.70,0.13,5.495,0.205,-0.364,0.197,-1.312,0.111,-2.659,0.074,-9999,-9999,-0.17,0.01
ind128,-9999,-9999,0.034,0.000,-0.918,0.236,0.032,0.001,-0.016,0.005,-2.48,0.24,0.29,0.07,0.86,0.25,1.74,0.05,-0.75,0.20,-1.764,0.140,-0.846,0.124,-2.204,0.089,-2.671,0.237,-9999,-9999,-0.17,0.02
ind129,-9999,-9999,0.017,0.000,-1.446,0.183,0.022,0.001,-0.015,0.004,-0.10,0.20,-4.02,0.13,-5.12,0.05,-4.69,0.25,0.80,0.07,0.509,0.230,1.955,0.066,-0.559,0.075,-0.369,0.103,-9999,-9999,-0.04,0.01
ind130,-9999,-9999,0.027,0.000,5.860,0.272,0.019,0.002,-0.001,0.005,4.22,0.38,0.46,0.16,0.49,0.12,1.24,0.24,-1.82,0.06,4.718,0.390,-1.143,0.156,-1.056,0.141,-4.829,0.167,-9999,-9999,-0.27,0.03
ind131,-9999,-9999,0.024,0.000,4.840,0.180,0.013,0.001,-0.020,0.004,7.53,0.12,-4.89,0.12,-5.64,0.11,-5.26,0.13,-1.78,0.15,7.626,0.107,2.785,0.118,1.161,0.049,-2.105,0.198,-9999,-9999,-0.11,0.01
ind132,-9999,-9999,0.011,0.000,2.419,0.324,0.010,0.001,-0.017,0.004,4.39,0.25,-3.19,0.07,-3.12,0.21,-2.61,0.11,0.59,0.10,4.750,0.254,2.331,0.071,-1.127,0.075,1.741,0.189,-9999,-9999,0.05,0.01
ind133,-9999,-9999,0.021,0.000,-18.863,0.107,0.046,0.001,-0.051,0.005,-21.42,0.27,0.33,0.16,-2.35,0.06,-1.52,0.15,10.58,0.17,-21.134,0.185,-2.271,0.172,0.829,0.136,0.608,0.255,-9999,-9999,0.01,0.02
ind134,-9999,-9999,0.024,0.000,10.073,0.385,0.008,0.002,-0.001,0.005,12.20,0.18,-3.75,0.07,-2.99,0.37,-2.79,0.06,-3.41,0.08,12.603,0.226,2.531,0.212,-1.481,0.155,-1.504,0.415,-9999,-9999,-0.10,0.03
ind135,-9999,-9999,0.026,0.000,-8.702,0.006,0.049,0.002,-0.061,0.006,-9.25,0.13,-1.62,0.12,-3.25,0.02,-2.90,0.13,9.83,0.12,-8.573,0.118,0.129,0.124,0.540,0.148,1.305,0.200,-9999,-9999,0.03,0.03
ind136,-9999,-9999,0.011,0.000,4.143,0.070,0.008,0.001,-0.004,0.003,7.07,0.14,-4.71,0.08,-4.93,0.11,-5.26,0.09,-2.01,0.07,7.652,0.124,3.509,0.065,-0.018,0.052,-0.279,0.181,-9999,-9999,0.00,0.02
ind137,-9999,-9999,0.022,0.000,10.216,0.261,0.027,0.001,-0.007,0.004,11.72,0.37,-3.74,0.11,-3.62,0.09,-4.07,0.13,-1.85,0.10,13.024,0.375,2.808,0.116,-1.310,0.094,-2.524,0.165,-9999,-9999,-0.13,0.00
ind138,-9999,-9999,0.013,0.000,12.781,0.410,-0.003,0.002,0.005,0.005,15.52,0.21,-4.00,0.10,-3.56,0.37,-3.23,0.15,-3.28,0.17,15.840,0.203,3.059,0.295,-1.307,0.139,-0.571,0.461,-9999,-9999,-0.06,0.03
ind139,-9999,-9999,0.029,0.000,-3.356,0.374,0.046,0.002,-0.041,0.005,-4.86,0.29,0.08,0.03,0.40,0.22,0.58,0.07,4.02,0.13,-3.744,0.291,-0.387,0.091,-1.578,0.051,-0.822,0.233,-9999,-9999,-0.08,0.02
ind140,-9999,-9999,0.018,0.000,5.655,0.325,0.008,0.001,-0.022,0.005,7.17,0.27,-2.79,0.11,-2.87,0.15,-2.73,0.14,-0.64,0.22,7.157,0.308,1.503,0.122,0.147,0.057,-0.126,0.349,-9999,-9999,-0.03,0.03
ind141,-9999,-9999,0.028,0.000,-14.613,0.079,0.055,0.001,-0.065,0.004,-15.24,0.15,-1.77,0.07,-3.66,0.14,-3.26,0.04,11.42,0.12,-14.571,0.075,0.042,0.131,0.389,0.139,1.904,0.184,-9999,-9999,0.08,0.02
ind142,-9999,-9999,0.023,0.000,0.473,0.233,0.023,0.001,-0.026,0.005,4.01,0.30,-5.76,0.12,-6.35,0.04,-6.72,0.14,-2.10,0.22,4.641,0.329,4.168,0.123,1.407,0.067,-2.091,0.182,-9999,-9999,-0.07,0.02
ind143,-9999,-9999,0.014,0.000,-2.982,0.483,0.024,0.001,-0.019,0.004,-3.61,0.29,-1.11,0.12,-1.70,0.23,-1.41,0.05,2.42,0.14,-2.998,0.312,-0.016,0.209,-1.239,0.105,-0.145,0.202,-9999,-9999,-0.05,0.02
ind144,-9999,-9999,0.017,0.000,-3.917,0.210,0.017,0.002,-0.041,0.005,-2.71,0.33,-2.65,0.11,-3.31,0.23,-3.00,0.21,3.47,0.16,-2.858,0.252,1.059,0.205,0.747,0.092,2.053,0.312,-9999,-9999,0.06,0.03
ind145,-9999,-9999,0.010,0.000,8.020,0.174,-0.008,0.002,0.001,0.005,11.35,0.27,-4.36,0.08,-3.84,0.06,-2.92,0.07,-3.06,0.17,11.357,0.319,3.337,0.167,-1.264,0.171,1.446,0.328,-9999,-9999,0.04,0.02
ind146,-9999,-9999,0.014,0.000,-12.673,0.145,0.019,0.002,-0.029,0.006,-15.74,0.46,2.00,0.30,0.89,0.19,2.02,0.26,5.38,0.17,-16.032,0.386,-3.359,0.246,0.008,0.133,0.358,0.208,-9999,-9999,-0.03,0.02
ind147,-9999,-9999,0.023,0.000,3.346,0.388,0.023,0.001,-0.011,0.005,1.31,0.12,0.83,0.11,1.18,0.28,1.87,0.11,-0.31,0.18,2.074,0.234,-1.272,0.175,-1.663,0.023,-3.033,0.234,-9999,-9999,-0.19,0.01
ind148,-9999,-9999,0.010,0.000,-15.015,0.200,0.021,0.002,-0.031,0.006,-17.32,0.40,1.19,0.08,0.18,0.06,0.99,0.02,7.17,0.21,-17.473,0.331,-2.458,0.133,-0.482,0.204,2.221,0.347,-9999,-9999,0.05,0.02
ind149,-9999,-9999,0.016,0.000,-6.151,0.403,0.034,0.001,-0.051,0.005,-6.77,0.29,-1.63,0.20,-3.99,0.25,-3.91,0.19,9.28,0.21,-6.510,0.311,-0.359,0.229,2.211,0.117,0.379,0.280,-9999,-9999,-0.00,0.02
ind150,-9999,-9999,0.016,0.000,-0.945,0.071,0.039,0.001,-0.046,0.003,-0.16,0.02,-2.13,0.06,-2.97,0.09,-4.46,0.07,3.27,0.12,1.061,0.057,2.005,0.026,1.263,0.062,-0.699,0.141,-9999,-9999,0.01,0.01
ind151,-9999,-9999,0.020,0.000,10.425,0.317,0.012,0.002,-0.013,0.004,11.55,0.32,-2.27,0.07,-2.28,0.12,-2.59,0.12,-2.39,0.16,11.991,0.397,1.566,0.099,0.852,0.131,-3.793,0.251,-9999,-9999,-0.18,0.02
ind152,-9999,-9999,0.004,0.000,-1.950,0.118,0.008,0.001,-0.007,0.004,-1.67,0.21,-0.57,0.11,-0.77,0.10,-0.97,0.08,0.25,0.04,-1.466,0.271,0.484,0.159,0.040,0.070,0.210,0.131,-9999,-9999,0.01,0.03
ind153,-9999,-9999,0.028,0.000,1.734,0.188,0.029,0.001,-0.034,0.005,3.02,0.12,-2.97,0.04,-2.99,0.07,-2.65,0.06,-0.04,0.11,3.671,0.118,1.937,0.080,-0.707,0.057,-0.381,0.225,-9999,-9999,-0.05,0.02
ind154,-9999,-9999,0.016,0.000,-4.590,0.246,0.030,0.001,-0.044,0.004,-4.69,0.23,-2.35,0.12,-4.42,0.09,-3.98,0.11,7.60,0.15,-4.262,0.234,0.327,0.020,0.567,0.179,1.551,0.302,-9999,-9999,0.05,0.02
ind155,-9999,-9999,0.029,0.000,5.426,0.151,0.023,0.001,-0.003,0.004,6.58,0.11,-2.81,0.02,-1.83,0.04,-1.17,0.02,-3.21,0.11,7.696,0.119,2.271,0.042,-2.862,0.072,-1.591,0.285,-9999,-9999,-0.11,0.01
ind156,-9999,-9999,0.024,0.000,-6.495,0.231,0.047,0.001,-0.064,0.006,-6.21,0.11,-2.88,0.05,-4.92,0.16,-4.64,0.11,9.92,0.10,-5.455,0.144,1.040,0.088,1.294,0.068,1.466,0.201,-9999,-9999,0.05,0.01
ind157,-9999,-9999,0.007,0.000,-5.697,0.105,0.014,0.001,-0.029,0.004,-7.44,0.22,1.02,0.10,0.69,0.01,1.07,0.12,5.99,0.14,-7.517,0.203,-1.820,0.125,-0.239,0.125,1.836,0.220,-9999,-9999,0.03,0.01
ind158,-9999,-9999,0.008,0.000,-13.428,0.269,0.023,0.001,-0.036,0.006,-15.80,0.39,0.96,0.11,-0.86,0.06,-0.40,0.14,6.66,0.13,-15.939,0.288,-2.511,0.020,1.981,0.110,-0.130,0.291,-9999,-9999,-0.03,0.02
ind159,-9999,-9999,0.017,0.000,-2.312,0.384,0.024,0.002,-0.028,0.005,1.67,0.33,-4.79,0.04,-5.52,0.10,-6.44,0.12,-2.31,0.07,2.307,0.317,4.619,0.080,0.819,0.106,-0.645,0.241,-9999,-9999,0.01,0.01
ind160,-9999,-9999,0.018,0.000,-12.857,0.345,0.032,0.001,-0.051,0.005,-14.98,0.32,1.18,0.08,0.30,0.19,1.12,0.10,8.88,0.12,-15.032,0.293,-2.175,0.071,0.850,0.080,1.447,0.166,-9999,-9999,0.04,0.01
ind161,-9999,-9999,0.021,0.000,-6.203,0.163,0.047,0.001,-0.050,0.005,-7.81,0.08,-0.69,0.03,-2.44,0.17,-2.60,0.03,7.15,0.02,-7.007,0.137,-0.805,0.058,1.448,0.154,-1.688,0.269,-9999,-9999,-0.10,0.03
ind162,-9999,-9999,0.028,0.000,10.395,0.183,0.012,0.001,-0.001,0.004,12.48,0.21,-3.93,0.10,-3.85,0.03,-3.59,0.17,-3.33,0.07,12.847,0.201,2.451,0.146,-0.860,0.143,-3.090,0.187,-9999,-9999,-0.17,0.01
ind163,-9999,-9999,0.027,0.000,-1.105,0.226,0.043,0.001,-0.049,0.004,-0.67,0.21,-3.07,0.06,-4.49,0.18,-4.20,0.08,4.73,0.18,0.325,0.222,1.430,0.026,-0.084,0.078,-0.322,0.305,-9999,-9999,-0.04,0.01
ind164,-9999,-9999,0.026,0.000,5.649,0.243,0.023,0.001,0.001,0.003,4.62,0.06,0.07,0.10,1.02,0.04,1.37,0.10,-1.71,0.15,5.376,0.132,-0.273,0.138,-2.818,0.101,-2.970,0.228,-9999,-9999,-0.19,0.02
ind165,-9999,-9999,0.027,0.000,6.947,0.238,0.020,0.001,-0.017,0.004,8.11,0.12,-3.02,0.04,-2.97,0.28,-2.69,0.05,-1.40,0.08,8.708,0.161,1.761,0.107,-1.232,0.103,-1.459,0.228,-9999,-9999,-0.10,0.02
ind166,-9999,-9999,0.016,0.000,11.510,0.161,-0.002,0.001,0.016,0.005,13.61,0.21,-2.24,0.06,-1.46,0.07,-1.66,0.08,-3.92,0.16,14.022,0.192,2.512,0.043,-0.843,0.072,-2.145,0.247,-9999,-9999,-0.11,0.02
ind167,-9999,-9999,0.002,0.000,-3.403,0.300,0.005,0.002,-0.012,0.004,-0.41,0.28,-4.82,0.06,-5.99,0.06,-6.59,0.11,2.35,0.13,-0.462,0.330,2.942,0.033,1.282,0.040,2.273,0.165,-9999,-9999,0.12,0.02
ind168,-9999,-9999,0.012,0.000,3.012,0.075,0.011,0.001,-0.030,0.005,5.11,0.11,-4.37,0.05,-5.72,0.06,-6.05,0.07,2.33,0.13,5.255,0.098,2.243,0.023,2.722,0.077,-0.270,0.227,-9999,-9999,-0.01,0.02
ind169,-9999,-9999,0.027,0.000,-14.388,0.119,0.055,0.001,-0.060,0.003,-15.17,0.38,-2.25,0.18,-5.08,0.17,-4.53,0.15,11.41,0.25,-14.334,0.259,0.053,0.181,0.495,0.079,1.217,0.109,-9999,-9999,0.04,0.02
ind170,-9999,-9999,0.015,0.000,9.997,0.322,0.015,0.001,-0.000,0.004,10.28,0.24,-1.81,0.07,-1.54,0.11,-1.65,0.09,-1.13,0.08,11.127,0.256,1.130,0.092,-1.534,0.097,-2.245,0.172,-9999,-9999,-0.12,0.00
ind171,-9999,-9999,0.022,0.000,-12.196,0.225,0.036,0.001,-0.042,0.004,-14.72,0.20,1.29,0.11,1.04,0.10,1.84,0.21,6.38,0.07,-14.176,0.243,-1.981,0.031,-0.870,0.068,0.996,0.083,-9999,-9999,-0.01,0.00
ind172,-9999,-9999,0.015,0.000,-22.512,0.282,0.033,0.001,-0.043,0.005,-25.53,0.14,1.70,0.12,0.50,0.21,1.26,0.15,11.08,0.05,-25.681,0.192,-3.168,0.132,-0.556,0.107,3.463,0.116,-9999,-9999,0.12,0.00
ind173,-9999,-9999,0.019,0.000,-4.959,0.360,0.022,0.001,-0.040,0.004,-3.63,0.27,-3.37,0.02,-4.82,0.31,-4.33,0.05,3.74,0.20,-3.682,0.277,1.277,0.083,0.917,0.150,1.190,0.362,-9999,-9999,0.03,0.03
ind174,-9999,-9999,0.011,0.000,1.399,0.259,0.001,0.002,-0.001,0.005,2.32,0.33,-1.78,0.11,-0.90,0.19,-0.56,0.11,-1.30,0.20,2.420,0.269,1.021,0.163,-1.678,0.142,0.747,0.386,-9999,-9999,-0.01,0.03
ind175,-9999,-9999,0.016,0.000,5.126,0.154,0.010,0.001,-0.001,0.004,5.78,0.21,-2.11,0.11,-1.71,0.05,-1.60,0.09,-1.85,0.06,6.226,0.216,1.099,0.128,-1.805,0.058,-1.101,0.044,-9999,-9999,-0.09,0.00
ind176,-9999,-9999,0.029,0.000,-6.978,0.374,0.054,0.001,-0.061,0.005,-9.26,0.32,0.32,0.25,-0.87,0.22,-0.47,0.11,8.29,0.18,-8.239,0.238,-1.261,0.352,0.457,0.135,-1.184,0.153,-9999,-9999,-0.08,0.01
ind177,-9999,-9999,0.034,0.000,-0.484,0.288,0.033,0.002,-0.027,0.006,-1.56,0.23,-0.14,0.01,0.42,0.25,1.03,0.13,-0.21,0.10,-0.868,0.213,-0.384,0.131,-1.238,0.075,-2.199,0.319,-9999,-9999,-0.12,0.02
ind178,-9999,-9999,0.019,0.000,8.289,0.313,-0.009,0.001,0.008,0.004,12.22,0.24,-5.01,0.03,-4.35,0.27,-3.29,0.04,-4.57,0.16,12.004,0.293,3.715,0.181,-1.421,0.113,0.719,0.468,-9999,-9999,0.01,0.03
ind179,-9999,-9999,0.014,0.000,-16.794,0.189,0.032,0.001,-0.052,0.005,-18.20,0.32,-0.27,0.12,-2.42,0.05,-1.80,0.15,11.67,0.21,-18.363,0.206,-1.569,0.038,1.109,0.109,3.326,0.312,-9999,-9999,0.14,0.02
ind180,-9999,-9999,0.031,0.000,5.840,0.310,0.006,0.002,-0.013,0.005,9.51,0.43,-4.91,0.17,-4.84,0.04,-4.26,0.18,-2.56,0.18,9.225,0.467,3.385,0.168,0.135,0.106,-0.534,0.338,-9999,-9999,-0.05,0.03
ind181,-9999,-9999,0.035,0.000,5.639,0.289,0.029,0.002,-0.010,0.004,5.72,0.28,-2.29,0.17,-2.54,0.22,-2.18,0.15,-2.66,0.17,6.529,0.235,0.890,0.307,-0.710,0.135,-5.084,0.169,-9999,-9999,-0.25,0.00
ind182,-9999,-9999,0.034,0.000,5.190,0.154,0.040,0.001,-0.044,0.005,6.91,0.25,-4.17,0.10,-5.24,0.02,-5.00,0.07,0.57,0.13,7.805,0.204,2.615,0.054,0.464,0.057,-2.346,0.180,-9999,-9999,-0.12,0.01
ind183,-9999,-9999,0.026,0.000,5.722,0.068,0.030,0.001,-0.011,0.006,6.10,0.17,-1.78,0.14,-0.52,0.08,-0.32,0.18,-1.37,0.06,7.436,0.129,1.713,0.077,-2.952,0.120,-1.471,0.225,-9999,-9999,-0.12,0.01
ind184,-9999,-9999,0.015,0.000,1.653,0.438,0.022,0.001,-0.021,0.004,1.99,0.23,-1.03,0.10,-0.04,0.37,0.18,0.03,1.51,0.13,2.734,0.210,1.081,0.233,-1.788,0.065,0.694,0.318,-9999,-9999,-0.01,0.03
ind185,-9999,-9999,0.013,0.000,-4.559,0.528,0.020,0.002,-0.039,0.007,-5.68,0.42,0.03,0.12,-0.90,0.16,-0.43,0.12,4.80,0.26,-5.800,0.419,-1.241,0.176,0.887,0.122,0.644,0.443,-9999,-9999,-0.01,0.02
ind186,-9999,-9999,0.015,0.000,-0.289,0.099,0.032,0.001,-0.038,0.004,0.67,0.29,-3.77,0.14,-5.65,0.07,-6.08,0.24,6.05,0.14,1.432,0.253,1.721,0.178,1.517,0.113,0.288,0.253,-9999,-9999,0.02,0.02
ind187,-9999,-9999,0.016,0.000,-12.522,0.088,0.039,0.001,-0.036,0.003,-15.59,0.21,1.49,0.13,0.00,0.07,0.19,0.12,7.03,0.13,-14.987,0.232,-2.466,0.166,0.436,0.065,-0.699,0.063,-9999,-9999,-0.04,0.02
ind188,-9999,-9999,0.042,0.000,11.180,0.214,0.028,0.001,-0.022,0.004,14.45,0.17,-5.26,0.12,-5.40,0.25,-5.04,0.04,-2.43,0.20,15.183,0.115,4.003,0.153,-0.043,0.051,-3.440,0.311,-9999,-9999,-0.18,0.03
ind189,-9999,-9999,0.024,0.000,-7.128,0.181,0.023,0.001,-0.025,0.004,-9.23,0.18,0.86,0.08,-0.07,0.16,1.11,0.11,1.68,0.08,-9.211,0.221,-2.083,0.147,-0.039,0.107,-1.996,0.191,-9999,-9999,-0.12,0.01
ind190,-9999,-9999,0.023,0.000,-2.252,0.072,0.029,0.001,-0.039,0.005,-3.57,0.27,0.15,0.19,-0.56,0.08,0.15,0.20,3.08,0.06,-3.319,0.252,-1.066,0.248,0.473,0.105,-1.414,0.170,-9999,-9999,-0.10,0.01
ind191,-9999,-9999,0.010,0.000,4.861,0.192,0.000,0.001,0.000,0.004,4.15,0.30,-0.30,0.15,-0.27,0.01,-0.07,0.08,-1.49,0.23,4.009,0.282,-0.851,0.094,0.267,0.123,-2.706,0.311,-9999,-9999,-0.16,0.03
ind192,-9999,-9999,0.008,0.000,6.697,0.235,-0.002,0.001,-0.008,0.004,10.34,0.22,-5.40,0.03,-5.68,0.08,-6.47,0.04,-1.45,0.10,10.490,0.236,3.793,0.009,1.250,0.060,0.042,0.180,-9999,-9999,0.02,0.01
ind193,-9999,-9999,0.016,0.000,1.457,0.352,0.014,0.002,-0.029,0.005,1.21,0.31,-1.29,0.08,-1.72,0.18,-1.61,0.07,1.64,0.15,1.344,0.280,-0.113,0.143,0.363,0.093,-0.252,0.249,-9999,-9999,-0.06,0.01
ind194,-9999,-9999,0.020,0.000,-12.235,0.174,0.022,0.001,-0.042,0.004,-11.95,0.28,-1.73,0.11,-2.69,0.11,-2.16,0.17,4.75,0.18,-12.312,0.243,-0.078,0.146,1.030,0.123,1.652,0.153,-9999,-9999,0.04,0.03
ind195,-9999,-9999,0.018,0.000,-14.815,0.311,0.022,0.001,-0.042,0.004,-13.08,0.17,-3.89,0.02,-6.01,0.13,-5.03,0.06,6.82,0.03,-13.511,0.152,1.303,0.177,0.831,0.005,3.480,0.125,-9999,-9999,0.13,0.01
ind196,-9999,-9999,0.016,0.000,-18.927,0.233,0.034,0.002,-0.049,0.005,-19.40,0.35,-2.18,0.10,-5.42,0.08,-4.76,0.12,11.69,0.22,-19.504,0.269,-0.577,0.093,1.718,0.165,2.405,0.300,-9999,-9999,0.09,0.02
ind197,-9999,-9999,0.028,0.000,8.461,0.159,0.021,0.001,-0.031,0.004,10.64,0.15,-3.62,0.10,-3.34,0.07,-3.33,0.12,-1.25,0.09,11.152,0.175,2.691,0.198,-0.004,0.132,-1.187,0.155,-9999,-9999,-0.06,0.02
ind198,-9999,-9999,0.017,0.000,6.698,0.277,-0.004,0.001,0.012,0.003,7.83,0.34,-1.97,0.06,-1.89,0.04,-2.07,0.05,-3.27,0.08,7.577,0.328,0.878,0.061,0.501,0.082,-2.986,0.120,-9999,-9999,-0.15,0.01
ind199,-9999,-9999,0.007,0.000,-2.351,0.084,0.015,0.001,-0.029,0.004,-1.62,0.18,-2.63,0.10,-4.18,0.10,-3.81,0.10,6.14,0.10,-1.354,0.162,0.997,0.115,0.073,0.151,2.416,0.196,-9999,-9999,0.07,0.01
ind200,-9999,-9999,0.018,0.000,7.392,0.294,0.006,0.002,-0.005,0.006,8.17,0.33,-1.42,0.10,-0.18,0.08,-0.22,0.17,-1.86,0.15,8.342,0.325,0.950,0.032,-1.531,0.105,-0.675,0.222,-9999,-9999,-0.07,0.02
ind201,-9999,-9999,0.025,0.000,-8.488,0.245,0.043,0.002,-0.033,0.006,-10.60,0.14,0.54,0.07,0.63,0.18,1.02,0.13,4.99,0.09,-9.674,0.166,-1.186,0.128,-2.036,0.066,-0.096,0.308,-9999,-9999,-0.06,0.01
ind202,-9999,-9999,0.022,0.000,-6.962,0.278,0.028,0.001,-0.040,0.004,-8.67,0.41,0.45,0.19,-0.46,0.02,0.45,0.25,3.61,0.20,-8.670,0.395,-1.708,0.124,0.746,0.084,-1.097,0.218,-9999,-9999,-0.09,0.01
ind203,-9999,-9999,0.028,0.000,-3.744,0.157,0.053,0.002,-0.054,0.006,-5.28,0.15,-0.99,0.07,-2.10,0.03,-2.18,0.11,8.22,0.16,-3.855,0.134,-0.111,0.033,-0.755,0.133,-0.107,0.348,-9999,-9999,-0.04,0.02
ind204,-9999,-9999,0.033,0.000,2.123,0.324,0.037,0.001,-0.031,0.004,1.42,0.24,-1.65,0.11,-2.22,0.08,-1.95,0.09,0.08,0.15,2.493,0.296,0.370,0.102,-0.508,0.105,-3.289,0.264,-9999,-9999,-0.19,0.01
ind205,-9999,-9999,0.007,0.000,-7.366,0.394,0.021,0.002,-0.031,0.005,-9.30,0.44,1.32,0.07,0.96,0.19,1.45,0.07,7.54,0.20,-9.093,0.347,-1.727,0.146,-0.689,0.148,2.191,0.388,-9999,-9999,0.06,0.02
ind206,-9999,-9999,0.018,0.000,-0.778,0.235,0.026,0.001,-0.010,0.003,-2.19,0.21,-0.36,0.05,-0.52,0.10,-0.43,0.08,0.34,0.08,-1.242,0.213,-0.464,0.026,-1.089,0.064,-2.276,0.199,-9999,-9999,-0.13,0.02
ind207,-9999,-9999,0.006,0.000,-3.970,0.211,0.020,0.001,-0.017,0.004,-3.84,0.28,-1.31,0.10,-1.96,0.10,-2.67,0.08,3.12,0.19,-3.423,0.228,0.546,0.095,0.115,0.050,0.666,0.133,-9999,-9999,0.03,0.01
ind208,-9999,-9999,0.017,0.000,4.784,0.243,0.031,0.001,-0.038,0.006,5.15,0.21,-2.23,0.03,-2.75,0.11,-3.98,0.02,1.68,0.14,6.207,0.171,1.422,0.076,1.341,0.097,-2.168,0.277,-9999,-9999,-0.09,0.02
ind209,-9999,-9999,0.025,0.000,-10.775,0.138,0.050,0.001,-0.043,0.003,-14.15,0.30,1.03,0.10,-0.56,0.04,-0.39,0.05,7.92,0.10,-13.234,0.216,-2.459,0.079,-0.101,0.139,-1.688,0.201,-9999,-9999,-0.10,0.02
ind210,-9999,-9999,0.019,0.000,12.093,0.171,0.014,0.002,-0.009,0.005,15.13,0.29,-4.84,0.20,-4.95,0.19,-4.43,0.25,-2.25,0.15,15.922,0.320,3.829,0.150,-1.510,0.168,-0.680,0.270,-9999,-9999,-0.07,0.03
ind211,-9999,-9999,0.025,0.000,7.748,0.320,0.024,0.001,-0.015,0.004,8.08,0.29,-2.58,0.11,-2.71,0.07,-2.74,0.17,-1.76,0.10,8.988,0.264,1.240,0.110,-0.590,0.068,-3.514,0.155,-9999,-9999,-0.18,0.01
ind212,-9999,-9999,0.024,0.000,7.398,0.268,0.025,0.001,-0.007,0.004,8.84,0.31,-3.87,0.13,-4.01,0.10,-4.05,0.09,-1.70,0.22,9.853,0.272,2.455,0.091,-1.718,0.157,-2.215,0.344,-9999,-9999,-0.14,0.02
ind213,-9999,-9999,0.002,0.000,-7.780,0.124,0.017,0.001,-0.034,0.004,-6.58,0.13,-1.70,0.07,-2.76,0.07,-4.18,0.11,4.15,0.05,-6.434,0.094,1.345,0.070,1.973,0.067,1.838,0.167,-9999,-9999,0.09,0.02
ind214,-9999,-9999,0.032,0.000,13.500,0.400,0.027,0.002,-0.008,0.006,16.77,0.24,-4.58,0.03,-3.39,0.27,-2.89,0.03,-3.63,0.14,18.215,0.277,4.715,0.142,-2.918,0.130,-1.498,0.360,-9999,-9999,-0.08,0.03
ind215,-9999,-9999,0.023,0.000,-3.408,0.147,0.045,0.002,-0.037,0.005,-4.52,0.30,-1.00,0.05,-1.64,0.11,-1.45,0.08,5.15,0.17,-3.162,0.223,0.246,0.088,-1.552,0.129,-0.365,0.354,-9999,-9999,-0.05,0.03
ind216,-9999,-9999,0.028,0.000,-5.297,0.345,0.059,0.002,-0.064,0.006,-7.90,0.35,0.99,0.09,-0.11,0.19,0.43,0.08,10.09,0.20,-6.737,0.293,-1.439,0.104,-0.245,0.183,-0.405,0.352,-9999,-9999,-0.05,0.02
ind217,-9999,-9999,0.031,0.000,8.427,0.222,0.021,0.002,0.006,0.004,10.46,0.35,-3.17,0.16,-2.68,0.17,-3.17,0.20,-4.55,0.06,11.538,0.341,3.111,0.135,-1.210,0.055,-3.919,0.072,-9999,-9999,-0.15,0.01
ind218,-9999,-9999,0.014,0.000,10.116,0.225,0.004,0.001,0.016,0.004,9.34,0.15,0.05,0.04,0.81,0.18,0.95,0.04,-2.12,0.11,9.735,0.131,-0.381,0.094,-1.371,0.128,-3.509,0.329,-9999,-9999,-0.20,0.01
ind219,-9999,-9999,0.012,0.000,8.053,0.236,0.009,0.001,-0.012,0.005,8.67,0.23,-2.31,0.20,-2.43,0.08,-2.53,0.25,-0.43,0.08,9.128,0.198,1.075,0.256,-0.171,0.058,-1.163,0.104,-9999,-9999,-0.10,0.01
ind220,-9999,-9999,0.012,0.000,11.220,0.308,0.006,0.001,0.004,0.004,12.91,0.35,-3.52,0.07,-3.27,0.07,-3.69,0.09,-2.26,0.14,13.634,0.324,2.414,0.065,-0.729,0.096,-1.761,0.222,-9999,-9999,-0.10,0.01
ind221,-9999,-9999,0.025,0.000,-1.891,0.349,0.021,0.002,-0.008,0.006,-4.74,0.42,1.50,0.13,1.07,0.13,2.40,0.19,-0.68,0.16,-4.380,0.470,-2.489,0.122,-0.857,0.112,-4.021,0.083,-9999,-9999,-0.23,0.02
ind222,-9999,-9999,0.020,0.000,6.731,0.329,0.010,0.001,-0.011,0.005,7.11,0.21,-1.01,0.02,0.07,0.28,0.20,0.07,-1.23,0.07,7.445,0.261,0.714,0.129,-1.312,0.083,-0.829,0.299,-9999,-9999,-0.07,0.03
ind223,-9999,-9999,0.021,0.000,3.687,0.140,0.044,0.001,-0.044,0.005,5.13,0.30,-3.33,0.19,-4.06,0.11,-5.73,0.18,2.60,0.14,6.327,0.306,2.640,0.181,0.874,0.088,-1.433,0.181,-9999,-9999,-0.04,0.01
ind224,-9999,-9999,0.010,0.000,2.869,0.295,-0.009,0.002,0.017,0.005,2.72,0.42,-0.77,0.19,-0.41,0.16,0.18,0.19,-2.59,0.22,2.285,0.457,-0.584,0.219,-1.302,0.202,-1.313,0.299,-9999,-9999,-0.11,0.03
ind225,-9999,-9999,0.027,0.000,4.103,0.266,0.039,0.001,-0.037,0.004,1.93,0.17,0.55,0.16,0.52,0.24,0.64,0.12,2.69,0.17,3.091,0.141,-1.013,0.197,-0.745,0.142,-2.916,0.175,-9999,-9999,-0.18,0.02
ind226,-9999,-9999,0.022,0.000,8.404,0.144,0.017,0.001,-0.021,0.004,10.58,0.27,-3.93,0.11,-4.19,0.08,-4.54,0.23,-2.51,0.10,10.979,0.171,2.575,0.043,1.209,0.086,-3.392,0.169,-9999,-9999,-0.16,0.02
ind227,-9999,-9999,0.009,0.000,14.430,0.111,-0.010,0.001,0.018,0.004,17.96,0.19,-4.45,0.06,-3.87,0.08,-4.23,0.09,-4.27,0.10,18.137,0.152,3.707,0.122,-0.339,0.072,-1.443,0.180,-9999,-9999,-0.08,0.02
ind228,-9999,-9999,0.021,0.000,-7.035,0.162,0.022,0.002,-0.034,0.005,-5.19,0.22,-3.97,0.05,-4.98,0.08,-4.08,0.07,2.91,0.20,-4.925,0.159,2.111,0.092,-0.398,0.143,2.172,0.353,-9999,-9999,0.08,0.03
ind229,-9999,-9999,0.018,0.000,-11.233,0.106,0.037,0.002,-0.040,0.005,-10.98,0.31,-2.15,0.16,-3.33,0.15,-2.54,0.14,7.51,0.18,-10.351,0.292,0.882,0.288,-1.286,0.153,2.859,0.207,-9999,-9999,0.11,0.02
ind230,-9999,-9999,0.018,0.000,2.578,0.078,0.016,0.001,-0.036,0.004,4.42,0.06,-3.58,0.02,-4.17,0.07,-3.92,0.03,1.89,0.14,4.650,0.083,2.072,0.030,0.461,0.090,1.087,0.202,-9999,-9999,0.02,0.01
ind231,-9999,-9999,0.037,0.000,-5.889,0.069,0.047,0.002,-0.056,0.006,-3.33,0.16,-5.22,0.19,-6.43,0.12,-5.79,0.14,3.01,0.12,-2.615,0.098,3.274,0.128,0.387,0.164,0.039,0.261,-9999,-9999,-0.01,0.02
ind232,-9999,-9999,0.005,0.000,7.644,0.038,0.006,0.001,-0.017,0.003,12.65,0.16,-6.17,0.03,-6.77,0.06,-7.50,0.08,-1.78,0.04,13.254,0.116,5.610,0.078,1.064,0.063,1.244,0.122,-9999,-9999,0.09,0.00
ind233,-9999,-9999,0.006,0.000,-17.993,0.165,0.017,0.001,-0.031,0.003,-17.95,0.17,-2.30,0.05,-4.79,0.03,-5.03,0.09,8.98,0.13,-18.586,0.171,-0.593,0.011,2.558,0.117,2.341,0.217,-9999,-9999,0.11,0.02
ind234,-9999,-9999,0.023,0.000,12.239,0.230,0.009,0.001,-0.002,0.004,17.13,0.25,-5.76,0.10,-5.48,0.06,-6.54,0.17,-5.14,0.17,17.653,0.238,5.414,0.063,0.561,0.115,-3.014,0.137,-9999,-9999,-0.11,0.01
ind235,-9999,-9999,0.022,0.000,-21.458,0.208,0.045,0.001,-0.057,0.005,-24.00,0.26,0.83,0.10,-1.08,0.11,-0.10,0.12,11.07,0.15,-23.869,0.233,-2.411,0.052,0.638,0.124,1.717,0.284,-9999,-9999,0.05,0.02
ind236,-9999,-9999,0.024,0.000,2.341,0.438,0.016,0.001,0.005,0.004,0.92,0.25,-0.08,0.09,0.21,0.07,0.87,0.06,-2.25,0.14,1.261,0.265,-1.080,0.183,-1.886,0.189,-3.624,0.272,-9999,-9999,-0.23,0.02
ind237,-9999,-9999,0.016,0.000,5.328,0.386,-0.005,0.001,0.008,0.005,7.27,0.32,-2.52,0.14,-1.21,0.13,-0.61,0.13,-3.26,0.18,7.192,0.424,1.865,0.137,-2.058,0.075,0.558,0.096,-9999,-9999,-0.01,0.01
ind238,-9999,-9999,0.022,0.000,-2.063,0.105,0.026,0.001,-0.024,0.004,-0.58,0.11,-3.66,0.09,-4.05,0.10,-3.34,0.09,0.87,0.05,0.388,0.169,2.451,0.069,-1.629,0.091,0.693,0.140,-9999,-9999,0.01,0.01
ind239,-9999,-9999,0.006,0.000,-2.776,0.176,0.009,0.002,-0.029,0.005,-0.29,0.13,-4.35,0.00,-6.29,0.25,-5.04,0.07,4.82,0.07,-0.219,0.142,2.557,0.059,0.224,0.173,3.747,0.372,-9999,-9999,0.16,0.02
ind240,-9999,-9999,0.004,0.000,-3.397,0.167,0.019,0.001,-0.042,0.006,-3.17,0.12,-0.26,0.09,-1.15,0.18,-2.08,0.10,3.33,0.05,-3.076,0.113,0.321,0.134,2.810,0.127,-0.601,0.215,-9999,-9999,-0.02,0.01
ind241,-9999,-9999,0.024,0.000,1.192,0.514,0.053,0.002,-0.062,0.006,3.21,0.28,-4.05,0.10,-5.29,0.25,-6.64,0.06,3.68,0.17,4.704,0.323,3.512,0.210,2.042,0.098,-1.816,0.181,-9999,-9999,-0.05,0.02
ind242,-9999,-9999,0.013,0.000,-4.877,0.281,0.027,0.001,-0.051,0.004,-5.65,0.28,-0.64,0.13,-1.59,0.08,-1.60,0.15,8.04,0.14,-5.597,0.234,-0.720,0.161,1.505,0.072,1.385,0.136,-9999,-9999,0.03,0.02
ind243,-9999,-9999,0.010,0.000,8.949,0.097,-0.014,0.001,0.019,0.003,13.11,0.19,-5.79,0.10,-5.52,0.19,-5.42,0.09,-4.22,0.09,12.844,0.151,3.896,0.085,0.064,0.045,-0.757,0.105,-9999,-9999,-0.05,0.00
ind244,-9999,-9999,0.014,0.000,-3.373,0.253,0.034,0.001,-0.046,0.006,-6.38,0.28,1.47,0.13,-0.08,0.06,0.38,0.12,7.82,0.13,-5.856,0.202,-2.483,0.148,1.554,0.086,-1.194,0.178,-9999,-9999,-0.09,0.01
ind245,-9999,-9999,0.028,0.000,-1.301,0.247,0.029,0.001,-0.014,0.004,-2.12,0.16,-0.67,0.07,0.27,0.16,0.68,0.04,-0.96,0.19,-1.201,0.136,0.099,0.128,-2.700,0.082,-1.106,0.364,-9999,-9999,-0.09,0.01
ind246,-9999,-9999,0.025,0.000,1.738,0.037,0.009,0.001,-0.019,0.004,2.23,0.22,-1.15,0.14,-0.56,0.09,-0.22,0.14,-0.77,0.06,2.031,0.152,0.293,0.140,-0.115,0.118,-0.853,0.081,-9999,-9999,-0.07,0.01
ind247,-9999,-9999,0.027,0.000,1.419,0.264,0.034,0.002,-0.049,0.005,2.32,0.22,-2.80,0.10,-3.43,0.02,-3.43,0.11,3.41,0.19,2.860,0.268,1.440,0.012,0.858,0.085,-0.779,0.279,-9999,-9999,-0.05,0.02
ind248,-9999,-9999,0.014,0.000,5.826,0.184,0.013,0.001,-0.024,0.003,9.35,0.21,-5.41,0.06,-6.54,0.05,-5.19,0.07,0.79,0.15,9.924,0.155,4.098,0.052,-0.542,0.107,1.846,0.206,-9999,-9999,0.07,0.01
ind249,-9999,-9999,0.014,0.000,-11.437,0.020,0.024,0.001,-0.040,0.005,-10.56,0.11,-2.61,0.15,-3.99,0.12,-3.24,0.24,8.24,0.07,-10.404,0.107,1.033,0.115,-0.488,0.109,4.270,0.384,-9999,-9999,0.18,0.03
ind250,-9999,-9999,0.010,0.000,-14.849,0.150,0.021,0.001,-0.023,0.004,-17.14,0.08,1.23,0.06,0.77,0.04,1.36,0.02,6.07,0.08,-17.064,0.103,-2.216,0.055,-1.154,0.094,1.748,0.119,-9999,-9999,0.02,0.02
ind251,-9999,-9999,0.008,0.000,-4.707,0.156,0.016,0.001,-0.038,0.005,-6.20,0.10,1.18,0.14,1.17,0.13,1.57,0.15,7.11,0.09,-6.298,0.179,-1.591,0.189,0.228,0.093,2.241,0.208,-9999,-9999,0.06,0.02
ind252,-9999,-9999,0.017,0.000,-9.226,0.333,0.020,0.001,-0.043,0.005,-9.28,0.30,-1.20,0.07,-1.98,0.09,-1.47,0.04,4.97,0.23,-9.568,0.202,-0.342,0.157,0.760,0.059,1.995,0.417,-9999,-9999,0.06,0.03
ind253,-9999,-9999,0.025,0.000,4.084,0.123,0.040,0.001,-0.023,0.004,3.25,0.16,-0.58,0.10,-0.17,0.07,-0.07,0.06,1.35,0.09,4.654,0.184,0.569,0.081,-2.319,0.186,-1.976,0.268,-9999,-9999,-0.13,0.02
ind254,-9999,-9999,0.028,0.000,0.136,0.089,0.038,0.002,-0.048,0.005,1.32,0.19,-3.42,0.11,-4.23,0.08,-3.93,0.11,3.50,0.08,2.283,0.165,2.146,0.075,-0.295,0.034,0.389,0.147,-9999,-9999,-0.00,0.01
ind255,-9999,-9999,0.022,0.000,-2.650,0.341,0.035,0.001,-0.011,0.003,-4.08,0.40,0.03,0.09,-0.25,0.20,0.34,0.11,0.15,0.15,-2.884,0.389,-0.234,0.102,-1.672,0.060,-2.492,0.175,-9999,-9999,-0.11,0.03
ind256,-9999,-9999,0.028,0.000,-22.422,0.070,0.059,0.002,-0.064,0.007,-23.00,0.31,-2.40,0.15,-5.76,0.12,-5.08,0.12,13.57,0.20,-22.543,0.235,-0.121,0.214,0.764,0.093,2.198,0.173,-9999,-9999,0.09,0.02
ind257,-9999,-9999,0.024,0.000,-12.493,0.152,0.054,0.001,-0.055,0.003,-13.47,0.19,-0.33,0.02,-1.78,0.17,-2.30,0.06,5.24,0.16,-12.430,0.179,0.062,0.056,1.156,0.089,-1.793,0.225,-9999,-9999,-0.06,0.01
ind258,-9999,-9999,0.024,0.000,3.305,0.425,0.011,0.001,0.005,0.005,3.42,0.29,-1.09,0.12,0.42,0.14,0.96,0.07,-2.76,0.26,3.954,0.356,0.649,0.202,-2.739,0.081,-0.939,0.262,-9999,-9999,-0.08,0.02
ind259,-9999,-9999,0.025,0.000,13.136,0.338,0.009,0.001,0.011,0.004,16.61,0.29,-5.37,0.06,-4.84,0.16,-5.04,0.02,-4.26,0.20,17.481,0.303,4.345,0.104,-1.246,0.102,-2.694,0.174,-9999,-9999,-0.12,0.02
ind260,-9999,-9999,0.027,0.000,10.367,0.327,0.023,0.001,0.002,0.005,9.76,0.32,-0.32,0.04,0.17,0.10,-0.05,0.08,-2.64,0.17,10.768,0.283,0.401,0.061,-1.236,0.068,-5.136,0.296,-9999,-9999,-0.25,0.02
ind261,-9999,-9999,0.019,0.000,9.345,0.233,0.017,0.001,0.009,0.004,8.14,0.15,-0.10,0.09,0.63,0.02,0.80,0.15,-1.74,0.04,9.214,0.171,-0.130,0.137,-2.027,0.060,-3.747,0.179,-9999,-9999,-0.23,0.02
ind262,-9999,-9999,0.003,0.000,-3.578,0.382,0.011,0.001,-0.020,0.004,-4.59,0.28,0.05,0.12,-0.49,0.24,-0.48,0.08,5.34,0.27,-4.470,0.253,-0.891,0.175,-0.306,0.130,1.505,0.339,-9999,-9999,0.02,0.02
ind263,-9999,-9999,0.017,0.000,-7.442,0.380,0.029,0.001,-0.027,0.004,-8.19,0.37,-0.97,0.14,-1.54,0.05,-1.16,0.16,3.84,0.22,-7.624,0.385,-0.183,0.034,-1.334,0.069,0.561,0.274,-9999,-9999,-0.00,0.01
ind264,-9999,-9999,0.019,0.000,-2.992,0.171,0.020,0.001,-0.030,0.005,-3.25,0.29,-1.48,0.18,-2.54,0.18,-2.25,0.10,1.37,0.19,-3.132,0.252,-0.140,0.230,1.539,0.069,-2.051,0.200,-9999,-9999,-0.12,0.02
ind265,-9999,-9999,0.020,0.000,-1.933,0.136,0.037,0.001,-0.030,0.004,1.55,0.13,-5.79,0.02,-6.89,0.07,-7.60,0.06,1.12,0.10,2.942,0.141,4.874,0.020,0.061,0.058,0.229,0.108,-9999,-9999,0.04,0.01
ind266,-9999,-9999,0.031,0.000,11.316,0.228,0.029,0.001,0.000,0.004,10.36,0.13,-0.75,0.07,-0.14,0.09,-0.19,0.15,-2.72,0.06,11.680,0.168,0.364,0.112,-1.648,0.092,-5.704,0.150,-9999,-9999,-0.28,0.01
ind267,-9999,-9999,0.039,0.000,6.309,0.212,0.033,0.001,-0.012,0.005,5.63,0.16,-0.45,0.16,0.58,0.27,0.80,0.05,-1.42,0.09,6.493,0.192,0.184,0.227,-2.370,0.046,-3.357,0.157,-9999,-9999,-0.19,0.01
ind268,-9999,-9999,0.010,0.000,-7.225,0.343,0.026,0.002,-0.043,0.005,-10.60,0.35,2.46,0.10,0.89,0.06,1.86,0.15,9.05,0.10,-10.519,0.349,-3.294,0.077,1.191,0.064,0.072,0.180,-9999,-9999,-0.03,0.02
ind269,-9999,-9999,0.040,0.000,6.472,0.311,0.029,0.001,-0.024,0.004,9.63,0.21,-5.58,0.05,-5.94,0.19,-5.32,0.09,-2.32,0.15,10.316,0.204,3.844,0.112,-0.582,0.106,-2.464,0.227,-9999,-9999,-0.12,0.02
ind270,-9999,-9999,0.010,0.000,-13.017,0.367,0.013,0.002,-0.035,0.006,-13.03,0.27,-1.63,0.07,-3.28,0.22,-2.53,0.06,6.28,0.18,-13.535,0.270,-0.518,0.186,0.721,0.162,3.223,0.365,-9999,-9999,0.11,0.02
ind271,-9999,-9999,0.032,0.000,-8.191,0.294,0.049,0.001,-0.058,0.005,-7.65,0.18,-3.13,0.09,-4.71,0.10,-4.12,0.09,5.13,0.11,-6.819,0.170,1.372,0.124,0.560,0.105,-0.368,0.286,-9999,-9999,-0.02,0.02
ind272,-9999,-9999,0.015,0.000,-8.911,0.128,0.037,0.001,-0.033,0.003,-6.59,0.06,-4.15,0.06,-5.48,0.03,-6.37,0.08,3.38,0.08,-5.602,0.117,3.309,0.068,0.260,0.045,1.348,0.093,-9999,-9999,0.10,0.01
ind273,-9999,-9999,0.019,0.000,5.457,0.309,-0.003,0.001,0.001,0.004,10.01,0.16,-6.28,0.10,-6.51,0.34,-4.69,0.14,-3.77,0.20,10.089,0.083,4.633,0.243,-1.307,0.144,1.117,0.426,-9999,-9999,0.04,0.03
ind274,-9999,-9999,0.026,0.000,-20.316,0.353,0.056,0.001,-0.058,0.004,-24.93,0.30,2.88,0.05,1.11,0.12,2.25,0.02,12.77,0.12,-24.177,0.282,-3.860,0.084,-0.367,0.103,0.539,0.193,-9999,-9999,0.00,0.01
ind275,-9999,-9999,0.002,0.000,0.267,0.206,0.013,0.001,-0.012,0.004,-1.15,0.25,0.79,0.10,0.55,0.07,0.61,0.16,3.15,0.11,-0.840,0.245,-1.107,0.104,-0.023,0.103,-0.129,0.165,-9999,-9999,-0.02,0.02
ind276,-9999,-9999,0.015,0.000,-9.989,0.224,0.034,0.001,-0.044,0.006,-12.92,0.08,1.23,0.17,-0.70,0.21,-0.20,0.15,9.55,0.12,-12.690,0.097,-2.701,0.197,0.869,0.146,0.299,0.154,-9999,-9999,-0.01,0.02
ind277,-9999,-9999,0.028,0.000,14.596,0.505,0.022,0.002,0.006,0.005,17.23,0.44,-3.10,0.08,-2.36,0.04,-2.83,0.15,-3.97,0.19,18.462,0.482,3.867,0.029,-1.773,0.089,-3.510,0.256,-9999,-9999,-0.15,0.02
ind278,-9999,-9999,0.032,0.000,-4.884,0.071,0.033,0.001,-0.023,0.005,-7.17,0.15,1.06,0.13,0.96,0.20,2.02,0.10,0.49,0.06,-6.763,0.140,-1.879,0.144,-1.281,0.079,-2.595,0.090,-9999,-9999,-0.16,0.01
ind279,-9999,-9999,0.023,0.000,14.776,0.457,-0.006,0.001,0.004,0.005,19.36,0.23,-5.83,0.06,-5.29,0.17,-4.82,0.04,-4.01,0.18,19.276,0.328,4.500,0.137,-0.441,0.096,-0.486,0.209,-9999,-9999,-0.05,0.02
ind280,-9999,-9999,0.018,0.000,5.597,0.308,0.004,0.001,-0.018,0.004,5.91,0.31,-1.11,0.08,-1.33,0.12,-0.94,0.07,-0.79,0.06,5.534,0.280,-0.063,0.048,1.032,0.037,-2.000,0.135,-9999,-9999,-0.12,0.01
ind281,-9999,-9999,0.013,0.000,-17.352,0.128,0.029,0.002,-0.057,0.007,-16.33,0.20,-3.05,0.09,-5.56,0.07,-4.91,0.03,12.63,0.19,-16.749,0.121,0.603,0.039,1.757,0.120,5.149,0.346,-9999,-9999,0.23,0.02
ind282,-9999,-9999,0.017,0.000,-3.288,0.383,0.034,0.001,-0.041,0.004,-3.06,0.23,-1.76,0.07,-2.36,0.35,-2.17,0.07,6.82,0.12,-2.383,0.231,0.906,0.156,-0.961,0.094,1.934,0.261,-9999,-9999,0.06,0.02
ind283,-9999,-9999,0.020,0.000,-6.013,0.386,0.008,0.001,-0.014,0.004,-7.16,0.33,0.66,0.12,1.02,0.22,2.01,0.09,0.08,0.13,-7.631,0.280,-1.619,0.202,-0.478,0.056,-0.173,0.182,-9999,-9999,-0.06,0.02
ind284,-9999,-9999,0.022,0.000,10.851,0.122,0.014,0.001,-0.003,0.004,13.15,0.18,-1.78,0.15,-1.45,0.21,-2.15,0.17,-3.94,0.01,13.900,0.183,3.048,0.165,0.175,0.109,-3.786,0.147,-9999,-9999,-0.14,0.00
ind285,-9999,-9999,0.009,0.000,-12.632,0.089,0.029,0.001,-0.044,0.004,-9.72,0.04,-4.68,0.07,-6.52,0.03,-7.99,0.15,6.90,0.05,-9.561,0.102,3.071,0.013,2.590,0.101,2.518,0.184,-9999,-9999,0.15,0.02
ind286,-9999,-9999,0.031,0.000,13.946,0.134,0.011,0.001,0.001,0.004,17.86,0.08,-5.20,0.07,-4.16,0.14,-3.54,0.05,-4.59,0.21,18.650,0.079,4.704,0.183,-2.226,0.075,-0.964,0.314,-9999,-9999,-0.06,0.02
ind287,-9999,-9999,0.021,0.000,9.488,0.309,0.008,0.002,0.008,0.005,10.03,0.28,-1.12,0.03,0.26,0.29,0.57,0.04,-2.51,0.02,10.502,0.279,1.014,0.032,-2.522,0.134,-1.667,0.218,-9999,-9999,-0.11,0.02
ind288,-9999,-9999,0.017,0.000,5.817,0.296,-0.008,0.001,0.008,0.004,8.38,0.04,-3.82,0.11,-3.36,0.24,-2.86,0.04,-3.51,0.12,8.068,0.118,2.251,0.228,-1.112,0.096,-0.051,0.319,-9999,-9999,-0.04,0.02
ind289,-9999,-9999,0.012,0.000,5.750,0.204,-0.003,0.002,0.008,0.004,6.87,0.42,-1.29,0.13,0.37,0.06,0.67,0.14,-2.67,0.19,6.899,0.358,1.149,0.161,-2.023,0.202,0.033,0.306,-9999,-9999,-0.04,0.03
ind290,-9999,-9999,0.021,0.000,3.938,0.224,0.009,0.001,-0.004,0.004,7.45,0.22,-5.39,0.11,-5.39,0.07,-3.88,0.13,-3.29,0.10,7.972,0.241,4.034,0.034,-2.009,0.187,0.689,0.306,-9999,-9999,0.01,0.02
ind291,-9999,-9999,0.014,0.000,-0.435,0.345,0.032,0.001,-0.030,0.005,0.95,0.40,-3.20,0.11,-3.97,0.02,-5.40,0.16,3.18,0.23,1.901,0.402,2.336,0.060,0.479,0.074,0.163,0.238,-9999,-9999,0.03,0.02
ind292,-9999,-9999,0.020,0.000,-21.194,0.217,0.037,0.001,-0.054,0.005,-21.75,0.22,-1.58,0.18,-3.63,0.25,-2.98,0.21,11.41,0.14,-21.766,0.215,-0.571,0.283,0.534,0.107,3.878,0.101,-9999,-9999,0.17,0.02
ind293,-9999,-9999,0.031,0.000,-0.521,0.427,0.052,0.001,-0.059,0.005,-0.64,0.20,-2.01,0.05,-2.86,0.32,-2.97,0.02,5.50,0.16,0.386,0.291,0.906,0.168,0.020,0.030,-0.795,0.132,-9999,-9999,-0.06,0.02
ind294,-9999,-9999,0.006,0.000,-2.103,0.188,0.016,0.001,-0.035,0.005,-2.21,0.14,-1.99,0.13,-4.13,0.09,-3.97,0.11,7.33,0.10,-2.111,0.122,-0.007,0.160,2.121,0.189,1.260,0.258,-9999,-9999,0.03,0.02
ind295,-9999,-9999,0.023,0.000,-3.563,0.061,0.033,0.001,-0.044,0.005,0.52,0.08,-5.94,0.02,-6.79,0.09,-7.63,0.06,-0.33,0.11,1.160,0.092,4.724,0.032,2.131,0.044,-1.486,0.038,-9999,-9999,-0.03,0.01
ind296,-9999,-9999,0.004,0.000,-15.931,0.129,0.007,0.001,-0.022,0.004,-16.13,0.13,-0.57,0.11,-0.83,0.19,-0.22,0.08,5.62,0.05,-16.642,0.089,-0.711,0.125,-0.657,0.051,4.118,0.033,-9999,-9999,0.16,0.01
ind297,-9999,-9999,0.012,0.000,-3.723,0.251,0.013,0.001,-0.022,0.005,-3.65,0.26,-0.91,0.12,-1.61,0.13,-1.69,0.12,-0.10,0.08,-3.783,0.264,-0.060,0.087,1.434,0.062,-1.600,0.224,-9999,-9999,-0.08,0.03
ind298,-9999,-9999,0.022,0.000,-7.227,0.305,0.055,0.001,-0.058,0.004,-11.26,0.24,2.03,0.06,0.08,0.06,0.68,0.08,10.68,0.17,-10.101,0.251,-2.875,0.148,1.077,0.161,-1.814,0.242,-9999,-9999,-0.11,0.02
ind299,-9999,-9999,0.036,0.000,8.291,0.300,0.028,0.002,-0.018,0.006,8.24,0.26,-0.88,0.10,0.16,0.19,0.30,0.06,-1.37,0.15,9.002,0.308,0.711,0.039,-1.140,0.068,-3.453,0.175,-9999,-9999,-0.19,0.02
ind300,-9999,-9999,0.014,0.000,13.558,0.098,-0.010,0.001,0.006,0.004,17.59,0.14,-5.97,0.04,-5.98,0.03,-5.81,0.06,-3.71,0.16,17.565,0.128,4.007,0.048,0.975,0.131,-1.875,0.286,-9999,-9999,-0.11,0.03
ind301,-9999,-9999,0.030,0.000,9.470,0.164,0.022,0.001,-0.007,0.004,12.88,0.09,-5.49,0.11,-5.29,0.35,-4.20,0.15,-3.75,0.02,13.962,0.121,4.492,0.243,-2.628,0.113,-0.947,0.222,-9999,-9999,-0.05,0.02
ind302,-9999,-9999,0.010,0.000,-2.180,0.224,0.018,0.001,-0.019,0.004,-4.41,0.37,1.19,0.09,0.76,0.11,0.71,0.09,3.21,0.19,-4.102,0.289,-1.922,0.081,0.161,0.107,-1.276,0.266,-9999,-9999,-0.10,0.03
ind303,-9999,-9999,0.028,0.000,11.644,0.325,0.006,0.001,-0.007,0.004,15.02,0.24,-4.64,0.02,-4.17,0.18,-3.88,0.05,-2.93,0.08,15.128,0.312,3.484,0.088,-0.589,0.039,-0.912,0.133,-9999,-9999,-0.06,0.02
ind304,-9999,-9999,0.030,0.000,11.203,0.214,0.019,0.001,0.007,0.004,14.32,0.32,-5.19,0.13,-4.66,0.21,-4.78,0.08,-4.63,0.15,15.533,0.263,4.331,0.091,-1.503,0.055,-3.246,0.140,-9999,-9999,-0.15,0.01
ind305,-9999,-9999,0.001,0.000,-17.335,0.187,0.017,0.001,-0.028,0.004,-19.63,0.20,1.68,0.02,-0.00,0.13,-0.03,0.05,7.38,0.07,-19.937,0.210,-2.601,0.055,1.638,0.057,1.636,0.164,-9999,-9999,0.08,0.00
ind306,-9999,-9999,0.021,0.000,-0.030,0.338,0.033,0.001,-0.017,0.003,1.33,0.32,-2.99,0.12,-3.25,0.10,-3.92,0.14,-0.40,0.19,2.367,0.295,2.397,0.057,-1.079,0.026,-1.220,0.148,-9999,-9999,-0.04,0.02
ind307,-9999,-9999,0.021,0.000,-6.904,0.067,0.043,0.001,-0.048,0.005,-5.19,0.08,-4.47,0.08,-6.46,0.03,-7.30,0.11,6.45,0.11,-4.395,0.039,2.509,0.029,1.995,0.074,-0.094,0.218,-9999,-9999,0.01,0.01
ind308,-9999,-9999,0.023,0.000,0.564,0.192,0.033,0.001,-0.021,0.005,-0.16,0.17,-0.43,0.10,0.66,0.09,0.96,0.07,1.23,0.18,1.204,0.267,0.641,0.090,-2.373,0.094,-0.679,0.075,-9999,-9999,-0.08,0.01
ind309,-9999,-9999,0.018,0.000,-20.753,0.238,0.040,0.001,-0.061,0.004,-20.75,0.09,-2.48,0.02,-5.50,0.15,-4.52,0.08,13.34,0.06,-20.770,0.055,-0.017,0.183,1.617,0.070,3.885,0.188,-9999,-9999,0.17,0.01
ind310,-9999,-9999,0.019,0.000,1.938,0.399,0.012,0.001,-0.038,0.004,3.95,0.29,-3.46,0.14,-4.03,0.27,-3.80,0.06,1.34,0.11,3.751,0.264,1.813,0.173,1.621,0.020,0.450,0.149,-9999,-9999,-0.00,0.01
ind311,-9999,-9999,0.015,0.000,-0.268,0.169,0.001,0.001,-0.009,0.005,0.95,0.27,-2.33,0.10,-1.97,0.16,-1.47,0.07,-1.22,0.06,0.700,0.254,0.968,0.135,-0.884,0.043,1.090,0.192,-9999,-9999,-0.00,0.01
ind312,-9999,-9999,0.024,0.000,16.377,0.372,0.019,0.001,-0.004,0.004,21.43,0.23,-5.88,0.07,-5.39,0.02,-6.58,0.11,-5.64,0.08,22.785,0.313,6.408,0.116,-0.502,0.056,-3.145,0.108,-9999,-9999,-0.10,0.01
ind313,-9999,-9999,0.006,0.000,9.265,0.287,-0.014,0.001,0.018,0.004,12.89,0.22,-3.65,0.02,-3.12,0.07,-3.58,0.06,-4.93,0.08,12.948,0.147,3.683,0.142,-0.204,0.027,-0.774,0.195,-9999,-9999,-0.03,0.01
ind314,-9999,-9999,0.016,0.000,-5.650,0.079,0.042,0.002,-0.033,0.004,-9.17,0.19,1.84,0.20,0.82,0.22,0.85,0.16,7.40,0.05,-8.299,0.175,-2.649,0.238,-0.447,0.114,-1.291,0.278,-9999,-9999,-0.09,0.02
ind315,-9999,-9999,0.014,0.000,-9.703,0.374,0.024,0.001,-0.021,0.004,-10.92,0.38,0.48,0.08,1.16,0.08,1.61,0.05,3.91,0.18,-10.572,0.387,-0.869,0.019,-1.989,0.063,1.592,0.198,-9999,-9999,0.03,0.01
ind316,-9999,-9999,0.029,0.000,-5.682,0.234,0.036,0.001,-0.026,0.004,-5.32,0.25,-2.49,0.11,-2.60,0.07,-1.94,0.09,1.60,0.12,-4.460,0.237,1.223,0.168,-2.301,0.113,0.311,0.042,-9999,-9999,-0.02,0.01
ind317,-9999,-9999,0.007,0.000,-3.639,0.100,0.010,0.001,-0.029,0.004,-1.32,0.11,-1.97,0.11,-2.62,0.06,-3.38,0.11,-1.83,0.04,-1.327,0.076,2.311,0.118,2.130,0.142,-0.958,0.211,-9999,-9999,-0.02,0.02
ind318,-9999,-9999,0.007,0.000,-6.566,0.168,0.024,0.001,-0.031,0.004,-7.58,0.28,0.03,0.14,-0.35,0.12,-0.16,0.19,7.36,0.13,-7.171,0.261,-0.604,0.096,-0.803,0.090,2.239,0.137,-9999,-9999,0.07,0.01
ind319,-9999,-9999,0.022,0.000,2.527,0.257,0.040,0.002,-0.035,0.005,3.53,0.42,-3.83,0.20,-5.28,0.21,-5.01,0.19,3.62,0.20,4.907,0.364,2.380,0.228,-0.733,0.161,-0.459,0.135,-9999,-9999,-0.05,0.00
ind320,-9999,-9999,0.028,0.000,-15.494,0.232,0.063,0.001,-0.068,0.005,-18.54,0.25,0.74,0.14,-1.69,0.30,-0.91,0.09,12.64,0.12,-17.602,0.211,-2.108,0.198,0.797,0.250,-0.281,0.334,-9999,-9999,-0.03,0.02
ind321,-9999,-9999,0.034,0.000,7.639,0.234,0.031,0.001,-0.020,0.004,7.74,0.29,-1.10,0.08,0.14,0.05,0.12,0.06,-1.43,0.17,8.642,0.341,1.003,0.109,-1.827,0.100,-2.697,0.238,-9999,-9999,-0.15,0.01
ind322,-9999,-9999,0.014,0.000,2.332,0.255,-0.006,0.001,0.021,0.004,0.57,0.28,0.99,0.13,1.32,0.05,2.16,0.13,-2.12,0.03,0.264,0.311,-2.069,0.192,-1.048,0.107,-3.093,0.093,-9999,-9999,-0.19,0.00
ind323,-9999,-9999,0.033,0.000,-8.332,0.139,0.050,0.001,-0.053,0.003,-9.86,0.19,0.32,0.03,0.10,0.20,0.81,0.05,5.16,0.03,-9.157,0.133,-0.825,0.041,-0.516,0.067,-0.739,0.049,-9999,-9999,-0.08,0.00
ind324,-9999,-9999,0.006,0.000,-2.405,0.203,0.011,0.001,-0.027,0.005,-0.79,0.16,-3.38,0.05,-4.85,0.16,-4.10,0.12,5.00,0.16,-0.685,0.141,1.720,0.098,-0.060,0.128,3.188,0.452,-9999,-9999,0.12,0.04
ind325,-9999,-9999,0.018,0.000,-20.430,0.229,0.032,0.002,-0.055,0.006,-20.83,0.29,-1.40,0.07,-3.55,0.17,-2.76,0.13,10.13,0.14,-21.167,0.230,-0.738,0.042,1.514,0.127,3.051,0.329,-9999,-9999,0.13,0.03
ind326,-9999,-9999,0.029,0.000,2.208,0.312,0.011,0.001,-0.003,0.004,3.03,0.23,-2.23,0.03,-1.50,0.02,-1.06,0.05,-3.08,0.03,3.169,0.300,0.960,0.029,-1.601,0.142,-1.315,0.188,-9999,-9999,-0.09,0.02
ind327,-9999,-9999,0.008,0.000,1.089,0.179,0.008,0.001,-0.021,0.004,3.00,0.14,-2.87,0.07,-2.84,0.22,-2.38,0.06,2.43,0.16,3.176,0.134,2.087,0.066,-0.680,0.166,2.495,0.380,-9999,-9999,0.10,0.03
ind328,-9999,-9999,0.015,0.000,10.721,0.080,-0.004,0.001,0.015,0.003,11.31,0.07,-0.43,0.10,-0.06,0.08,-0.16,0.04,-2.34,0.05,11.205,0.050,0.485,0.043,0.381,0.121,-3.498,0.197,-9999,-9999,-0.17,0.02
ind329,-9999,-9999,0.014,0.000,17.365,0.009,-0.003,0.001,0.008,0.004,22.52,0.11,-6.71,0.08,-6.36,0.08,-6.71,0.10,-4.25,0.08,23.085,0.060,5.719,0.051,0.087,0.106,-1.494,0.225,-9999,-9999,-0.07,0.03
ind330,-9999,-9999,0.010,0.000,3.741,0.379,0.009,0.001,0.001,0.004,4.83,0.40,-1.54,0.14,-1.40,0.16,-1.57,0.15,-2.42,0.16,5.444,0.375,1.703,0.174,-0.639,0.056,-1.263,0.116,-9999,-9999,-0.05,0.00
ind331,-9999,-9999,0.024,0.000,-13.525,0.050,0.051,0.001,-0.047,0.004,-14.01,0.03,-1.47,0.10,-3.02,0.09,-3.81,0.17,5.36,0.07,-12.994,0.018,0.532,0.067,0.983,0.041,-1.196,0.089,-9999,-9999,-0.05,0.01
ind332,-9999,-9999,0.015,0.000,-0.590,0.156,0.034,0.001,-0.044,0.005,-2.16,0.21,0.06,0.09,-1.13,0.21,-1.56,0.14,5.37,0.13,-1.611,0.178,-1.021,0.109,1.819,0.143,-1.934,0.209,-9999,-9999,-0.10,0.03
ind333,-9999,-9999,0.003,0.000,-8.828,0.121,0.023,0.001,-0.049,0.005,-6.33,0.11,-3.55,0.02,-5.28,0.04,-6.80,0.09,6.36,0.07,-6.289,0.109,2.539,0.034,3.399,0.112,1.932,0.153,-9999,-9999,0.13,0.01
ind334,-9999,-9999,0.003,0.000,-19.051,0.201,0.021,0.001,-0.038,0.004,-19.94,0.14,0.96,0.13,-0.85,0.11,-1.02,0.18,6.51,0.14,-20.282,0.094,-1.231,0.134,2.231,0.014,1.666,0.259,-9999,-9999,0.10,0.02
ind335,-9999,-9999,0.031,0.000,7.110,0.343,0.024,0.001,0.005,0.004,6.68,0.39,-1.29,0.11,-0.52,0.11,-0.24,0.15,-2.80,0.12,7.660,0.357,0.550,0.110,-3.019,0.116,-3.433,0.055,-9999,-9999,-0.20,0.01
ind336,-9999,-9999,0.021,0.000,3.854,0.330,0.014,0.001,-0.006,0.004,5.90,0.37,-4.52,0.09,-4.90,0.09,-4.68,0.06,-1.74,0.16,6.325,0.395,2.471,0.105,-0.654,0.087,-1.556,0.148,-9999,-9999,-0.10,0.01
ind337,-9999,-9999,0.029,0.000,-1.170,0.239,0.052,0.001,-0.057,0.005,-1.84,0.08,-1.52,0.12,-1.84,0.23,-2.12,0.08,7.33,0.10,-0.368,0.126,0.801,0.220,-1.048,0.049,0.307,0.133,-9999,-9999,-0.01,0.01
ind338,-9999,-9999,0.023,0.000,-17.991,0.210,0.048,0.001,-0.042,0.005,-19.66,0.27,-0.30,0.08,-1.10,0.12,-0.56,0.07,8.46,0.09,-18.751,0.253,-0.760,0.145,-1.844,0.116,1.965,0.183,-9999,-9999,0.07,0.02
ind339,-9999,-9999,0.014,0.000,2.542,0.276,-0.003,0.001,0.012,0.005,2.36,0.22,-0.31,0.16,0.49,0.18,1.06,0.14,-2.37,0.10,2.161,0.161,-0.380,0.231,-1.871,0.125,-1.019,0.145,-9999,-9999,-0.09,0.02
ind340,-9999,-9999,0.034,0.000,2.668,0.109,0.031,0.001,-0.009,0.004,4.28,0.17,-1.59,0.12,-1.84,0.11,-1.99,0.13,-3.82,0.10,5.284,0.164,2.616,0.123,-0.614,0.067,-4.356,0.128,-9999,-9999,-0.16,0.01
ind341,-9999,-9999,0.036,0.000,2.164,0.340,0.026,0.001,-0.023,0.004,3.57,0.28,-3.44,0.09,-3.01,0.18,-2.90,0.20,-2.19,0.12,4.279,0.325,2.115,0.023,-0.892,0.046,-1.837,0.118,-9999,-9999,-0.12,0.01
ind342,-9999,-9999,0.015,0.000,-1.424,0.224,0.041,0.001,-0.039,0.005,-1.77,0.24,-0.35,0.04,-0.99,0.08,-1.55,0.12,4.23,0.18,-0.383,0.207,1.041,0.040,0.298,0.063,-0.572,0.188,-9999,-9999,-0.01,0.02
ind343,-9999,-9999,0.013,0.000,0.162,0.248,0.023,0.001,-0.040,0.005,1.67,0.34,-4.15,0.12,-5.97,0.10,-6.32,0.17,5.22,0.28,2.008,0.312,1.846,0.067,2.901,0.113,-0.114,0.376,-9999,-9999,-0.00,0.03
ind344,-9999,-9999,0.030,0.000,17.006,0.370,0.012,0.001,0.000,0.004,21.13,0.27,-5.98,0.14,-5.80,0.15,-6.13,0.18,-3.97,0.13,21.865,0.309,4.859,0.110,0.456,0.115,-3.728,0.172,-9999,-9999,-0.17,0.02
ind345,-9999,-9999,0.011,0.000,7.102,0.160,0.001,0.001,0.003,0.003,7.53,0.26,-0.67,0.14,0.88,0.09,0.95,0.11,-1.13,0.05,7.771,0.268,0.669,0.133,-2.062,0.010,-0.225,0.139,-9999,-9999,-0.05,0.01
ind346,-9999,-9999,0.014,0.000,-12.091,0.177,0.030,0.002,-0.049,0.006,-14.45,0.29,1.67,0.22,1.00,0.18,1.76,0.22,9.24,0.10,-14.471,0.281,-2.380,0.237,0.681,0.103,1.938,0.169,-9999,-9999,0.06,0.01
ind347,-9999,-9999,0.025,0.000,12.976,0.304,0.016,0.001,-0.010,0.004,17.76,0.15,-6.38,0.06,-6.22,0.25,-4.85,0.10,-3.75,0.03,18.863,0.220,5.887,0.162,-2.057,0.034,0.157,0.223,-9999,-9999,0.01,0.01
ind348,-9999,-9999,0.036,0.000,-11.590,0.053,0.054,0.001,-0.064,0.004,-9.72,0.21,-4.28,0.15,-5.69,0.08,-5.26,0.12,6.55,0.11,-9.148,0.109,2.442,0.058,0.574,0.054,0.849,0.202,-9999,-9999,0.03,0.01
ind349,-9999,-9999,0.032,0.000,10.175,0.254,0.032,0.002,-0.013,0.005,10.64,0.36,-0.92,0.14,-0.72,0.04,-0.91,0.17,-2.57,0.11,11.725,0.343,1.549,0.192,-0.517,0.151,-5.271,0.176,-9999,-9999,-0.23,0.01
ind350,-9999,-9999,0.011,0.000,-7.361,0.245,0.011,0.002,-0.013,0.004,-6.62,0.28,-2.85,0.10,-4.05,0.03,-3.71,0.18,2.15,0.15,-6.653,0.305,0.709,0.181,-0.172,0.120,0.814,0.176,-9999,-9999,-0.00,0.00
